Patient_Index,Cancer_Class_ID,Cancer_Name,SRA_Run_Accession,SRA_ID,Total_Spots,Total_Bases,Direct_Download_URL,NCBI_Trace_URL,Study_Title
1,0,Oral Cavity Carcinoma,SRR26796768,46798937.0,3771312,203650848,https://sra-pub-run-odp.s3.amazonaws.com/sra/SRR40706068/SRR40706068,https://trace.ncbi.nlm.nih.gov/Traces/?view=run_browser&acc=SRR40706068,Phase I Trial in Locally Advanced HNSCC/OSCC (PRJNA1039474)
2,0,Oral Cavity Carcinoma,SRR26796769,46798930.0,15652455,845232570,https://sra-pub-run-odp.s3.amazonaws.com/sra/SRR40705764/SRR40705764,https://trace.ncbi.nlm.nih.gov/Traces/?view=run_browser&acc=SRR40705764,Phase I Trial in Locally Advanced HNSCC/OSCC (PRJNA1039474)
3,0,Oral Cavity Carcinoma,SRR26796770,46798887.0,24530251,1324633554,https://sra-pub-run-odp.s3.amazonaws.com/sra/SRR40705850/SRR40705850,https://trace.ncbi.nlm.nih.gov/Traces/?view=run_browser&acc=SRR40705850,Phase I Trial in Locally Advanced HNSCC/OSCC (PRJNA1039474)
4,0,Oral Cavity Carcinoma,SRR26796771,46798874.0,7433778,401424012,https://sra-pub-run-odp.s3.amazonaws.com/sra/SRR40705876/SRR40705876,https://trace.ncbi.nlm.nih.gov/Traces/?view=run_browser&acc=SRR40705876,Phase I Trial in Locally Advanced HNSCC/OSCC (PRJNA1039474)
5,0,Oral Cavity Carcinoma,SRR26796772,46798851.0,3152807,170251578,https://sra-pub-run-odp.s3.amazonaws.com/sra/SRR40705922/SRR40705922,https://trace.ncbi.nlm.nih.gov/Traces/?view=run_browser&acc=SRR40705922,Phase I Trial in Locally Advanced HNSCC/OSCC (PRJNA1039474)
6,0,Oral Cavity Carcinoma,SRR26796773,46798846.0,12284480,663361920,https://sra-pub-run-odp.s3.amazonaws.com/sra/SRR40705936/SRR40705936,https://trace.ncbi.nlm.nih.gov/Traces/?view=run_browser&acc=SRR40705936,Phase I Trial in Locally Advanced HNSCC/OSCC (PRJNA1039474)
7,0,Oral Cavity Carcinoma,SRR26796774,46798833.0,18825072,1016553888,https://sra-pub-run-odp.s3.amazonaws.com/sra/SRR40705957/SRR40705957,https://trace.ncbi.nlm.nih.gov/Traces/?view=run_browser&acc=SRR40705957,Phase I Trial in Locally Advanced HNSCC/OSCC (PRJNA1039474)
8,0,Oral Cavity Carcinoma,SRR26796775,46798826.0,1641999,88667946,https://sra-pub-run-odp.s3.amazonaws.com/sra/SRR40705974/SRR40705974,https://trace.ncbi.nlm.nih.gov/Traces/?view=run_browser&acc=SRR40705974,Phase I Trial in Locally Advanced HNSCC/OSCC (PRJNA1039474)
9,0,Oral Cavity Carcinoma,SRR26796776,46798824.0,5619088,303430752,https://sra-pub-run-odp.s3.amazonaws.com/sra/SRR40705926/SRR40705926,https://trace.ncbi.nlm.nih.gov/Traces/?view=run_browser&acc=SRR40705926,Phase I Trial in Locally Advanced HNSCC/OSCC (PRJNA1039474)
10,0,Oral Cavity Carcinoma,SRR26796777,46798819.0,14177023,765559242,https://sra-pub-run-odp.s3.amazonaws.com/sra/SRR40705986/SRR40705986,https://trace.ncbi.nlm.nih.gov/Traces/?view=run_browser&acc=SRR40705986,Phase I Trial in Locally Advanced HNSCC/OSCC (PRJNA1039474)
11,0,Oral Cavity Carcinoma,SRR26796778,46798812.0,7899763,426587202,https://sra-pub-run-odp.s3.amazonaws.com/sra/SRR40706000/SRR40706000,https://trace.ncbi.nlm.nih.gov/Traces/?view=run_browser&acc=SRR40706000,Phase I Trial in Locally Advanced HNSCC/OSCC (PRJNA1039474)
12,0,Oral Cavity Carcinoma,SRR26796779,46798938.0,11904736,642855744,https://sra-pub-run-odp.s3.amazonaws.com/sra/SRR40706066/SRR40706066,https://trace.ncbi.nlm.nih.gov/Traces/?view=run_browser&acc=SRR40706066,Phase I Trial in Locally Advanced HNSCC/OSCC (PRJNA1039474)
13,0,Oral Cavity Carcinoma,SRR26796780,46798931.0,7313265,394916310,https://sra-pub-run-odp.s3.amazonaws.com/sra/SRR40706082/SRR40706082,https://trace.ncbi.nlm.nih.gov/Traces/?view=run_browser&acc=SRR40706082,Phase I Trial in Locally Advanced HNSCC/OSCC (PRJNA1039474)
14,0,Oral Cavity Carcinoma,SRR26796781,46798925.0,21168874,1143119196,https://sra-pub-run-odp.s3.amazonaws.com/sra/SRR40705774/SRR40705774,https://trace.ncbi.nlm.nih.gov/Traces/?view=run_browser&acc=SRR40705774,Phase I Trial in Locally Advanced HNSCC/OSCC (PRJNA1039474)
15,0,Oral Cavity Carcinoma,SRR26796782,46798924.0,14080462,760344948,https://sra-pub-run-odp.s3.amazonaws.com/sra/SRR40705776/SRR40705776,https://trace.ncbi.nlm.nih.gov/Traces/?view=run_browser&acc=SRR40705776,Phase I Trial in Locally Advanced HNSCC/OSCC (PRJNA1039474)
16,0,Oral Cavity Carcinoma,SRR26796783,46798898.0,346815,18728010,https://sra-pub-run-odp.s3.amazonaws.com/sra/SRR40705828/SRR40705828,https://trace.ncbi.nlm.nih.gov/Traces/?view=run_browser&acc=SRR40705828,Phase I Trial in Locally Advanced HNSCC/OSCC (PRJNA1039474)
17,0,Oral Cavity Carcinoma,SRR26796784,46798897.0,3342570,180498780,https://sra-pub-run-odp.s3.amazonaws.com/sra/SRR40705835/SRR40705835,https://trace.ncbi.nlm.nih.gov/Traces/?view=run_browser&acc=SRR40705835,Phase I Trial in Locally Advanced HNSCC/OSCC (PRJNA1039474)
18,0,Oral Cavity Carcinoma,SRR26796785,46798888.0,15992811,863611794,https://sra-pub-run-odp.s3.amazonaws.com/sra/SRR40705848/SRR40705848,https://trace.ncbi.nlm.nih.gov/Traces/?view=run_browser&acc=SRR40705848,Phase I Trial in Locally Advanced HNSCC/OSCC (PRJNA1039474)
19,0,Oral Cavity Carcinoma,SRR26796786,46798852.0,1785992,96443568,https://sra-pub-run-odp.s3.amazonaws.com/sra/SRR40705920/SRR40705920,https://trace.ncbi.nlm.nih.gov/Traces/?view=run_browser&acc=SRR40705920,Phase I Trial in Locally Advanced HNSCC/OSCC (PRJNA1039474)
20,0,Oral Cavity Carcinoma,SRR26796787,46798847.0,5345015,288630810,https://sra-pub-run-odp.s3.amazonaws.com/sra/SRR40705932/SRR40705932,https://trace.ncbi.nlm.nih.gov/Traces/?view=run_browser&acc=SRR40705932,Phase I Trial in Locally Advanced HNSCC/OSCC (PRJNA1039474)
21,0,Oral Cavity Carcinoma,SRR40705946,46798840.0,60339791,3258348714,https://sra-pub-run-odp.s3.amazonaws.com/sra/SRR40705946/SRR40705946,https://trace.ncbi.nlm.nih.gov/Traces/?view=run_browser&acc=SRR40705946,
22,0,Oral Cavity Carcinoma,SRR40705948,46798839.0,7557241,408091014,https://sra-pub-run-odp.s3.amazonaws.com/sra/SRR40705948/SRR40705948,https://trace.ncbi.nlm.nih.gov/Traces/?view=run_browser&acc=SRR40705948,
23,0,Oral Cavity Carcinoma,SRR40705954,46798835.0,4454268,240530472,https://sra-pub-run-odp.s3.amazonaws.com/sra/SRR40705954/SRR40705954,https://trace.ncbi.nlm.nih.gov/Traces/?view=run_browser&acc=SRR40705954,
24,0,Oral Cavity Carcinoma,SRR40705976,46798825.0,2775815,149894010,https://sra-pub-run-odp.s3.amazonaws.com/sra/SRR40705976/SRR40705976,https://trace.ncbi.nlm.nih.gov/Traces/?view=run_browser&acc=SRR40705976,
25,0,Oral Cavity Carcinoma,SRR40705978,46798823.0,6733218,363593772,https://sra-pub-run-odp.s3.amazonaws.com/sra/SRR40705978/SRR40705978,https://trace.ncbi.nlm.nih.gov/Traces/?view=run_browser&acc=SRR40705978,
26,0,Oral Cavity Carcinoma,SRR40705984,46798820.0,18272781,986730174,https://sra-pub-run-odp.s3.amazonaws.com/sra/SRR40705984/SRR40705984,https://trace.ncbi.nlm.nih.gov/Traces/?view=run_browser&acc=SRR40705984,
27,0,Oral Cavity Carcinoma,SRR40705988,46798818.0,48345692,2610667368,https://sra-pub-run-odp.s3.amazonaws.com/sra/SRR40705988/SRR40705988,https://trace.ncbi.nlm.nih.gov/Traces/?view=run_browser&acc=SRR40705988,
28,0,Oral Cavity Carcinoma,SRR40705990,46798817.0,12089057,652809078,https://sra-pub-run-odp.s3.amazonaws.com/sra/SRR40705990/SRR40705990,https://trace.ncbi.nlm.nih.gov/Traces/?view=run_browser&acc=SRR40705990,
29,0,Oral Cavity Carcinoma,SRR40705992,46798816.0,45240933,2443010382,https://sra-pub-run-odp.s3.amazonaws.com/sra/SRR40705992/SRR40705992,https://trace.ncbi.nlm.nih.gov/Traces/?view=run_browser&acc=SRR40705992,
30,0,Oral Cavity Carcinoma,SRR40705994,46798815.0,3067896,165666384,https://sra-pub-run-odp.s3.amazonaws.com/sra/SRR40705994/SRR40705994,https://trace.ncbi.nlm.nih.gov/Traces/?view=run_browser&acc=SRR40705994,
31,0,Oral Cavity Carcinoma,SRR40706002,46798811.0,11957253,645691662,https://sra-pub-run-odp.s3.amazonaws.com/sra/SRR40706002/SRR40706002,https://trace.ncbi.nlm.nih.gov/Traces/?view=run_browser&acc=SRR40706002,
32,0,Oral Cavity Carcinoma,SRR40706004,46798810.0,6655894,359418276,https://sra-pub-run-odp.s3.amazonaws.com/sra/SRR40706004/SRR40706004,https://trace.ncbi.nlm.nih.gov/Traces/?view=run_browser&acc=SRR40706004,
33,0,Oral Cavity Carcinoma,SRR40093285,46138300.0,23043527,6913058100,https://sra-pub-run-odp.s3.amazonaws.com/sra/SRR40093285/SRR40093285,https://trace.ncbi.nlm.nih.gov/Traces/?view=run_browser&acc=SRR40093285,
34,0,Oral Cavity Carcinoma,SRR40093286,46138299.0,23456861,7037058300,https://sra-pub-run-odp.s3.amazonaws.com/sra/SRR40093286/SRR40093286,https://trace.ncbi.nlm.nih.gov/Traces/?view=run_browser&acc=SRR40093286,
35,0,Oral Cavity Carcinoma,SRR40093287,46138298.0,23516474,7054942200,https://sra-pub-run-odp.s3.amazonaws.com/sra/SRR40093287/SRR40093287,https://trace.ncbi.nlm.nih.gov/Traces/?view=run_browser&acc=SRR40093287,
36,0,Oral Cavity Carcinoma,SRR40093288,46138297.0,24066344,7219903200,https://sra-pub-run-odp.s3.amazonaws.com/sra/SRR40093288/SRR40093288,https://trace.ncbi.nlm.nih.gov/Traces/?view=run_browser&acc=SRR40093288,
37,0,Oral Cavity Carcinoma,SRR40093289,46138296.0,23102570,6930771000,https://sra-pub-run-odp.s3.amazonaws.com/sra/SRR40093289/SRR40093289,https://trace.ncbi.nlm.nih.gov/Traces/?view=run_browser&acc=SRR40093289,
38,0,Oral Cavity Carcinoma,SRR40093290,46138295.0,23756559,7126967700,https://sra-pub-run-odp.s3.amazonaws.com/sra/SRR40093290/SRR40093290,https://trace.ncbi.nlm.nih.gov/Traces/?view=run_browser&acc=SRR40093290,
39,0,Oral Cavity Carcinoma,SRR39671450,45699033.0,23533229,7059968700,https://sra-pub-run-odp.s3.amazonaws.com/sra/SRR39671450/SRR39671450,https://trace.ncbi.nlm.nih.gov/Traces/?view=run_browser&acc=SRR39671450,
40,0,Oral Cavity Carcinoma,SRR39671451,45699032.0,22918291,6875487300,https://sra-pub-run-odp.s3.amazonaws.com/sra/SRR39671451/SRR39671451,https://trace.ncbi.nlm.nih.gov/Traces/?view=run_browser&acc=SRR39671451,
41,0,Oral Cavity Carcinoma,SRR39671452,45699031.0,22775191,6832557300,https://sra-pub-run-odp.s3.amazonaws.com/sra/SRR39671452/SRR39671452,https://trace.ncbi.nlm.nih.gov/Traces/?view=run_browser&acc=SRR39671452,
42,0,Oral Cavity Carcinoma,SRR39671453,45699030.0,23788229,7136468700,https://sra-pub-run-odp.s3.amazonaws.com/sra/SRR39671453/SRR39671453,https://trace.ncbi.nlm.nih.gov/Traces/?view=run_browser&acc=SRR39671453,
43,0,Oral Cavity Carcinoma,SRR39671454,45699029.0,22967465,6890239500,https://sra-pub-run-odp.s3.amazonaws.com/sra/SRR39671454/SRR39671454,https://trace.ncbi.nlm.nih.gov/Traces/?view=run_browser&acc=SRR39671454,
44,0,Oral Cavity Carcinoma,SRR39671455,45699028.0,22242879,6672863700,https://sra-pub-run-odp.s3.amazonaws.com/sra/SRR39671455/SRR39671455,https://trace.ncbi.nlm.nih.gov/Traces/?view=run_browser&acc=SRR39671455,
45,0,Oral Cavity Carcinoma,SRR39377988,45373379.0,44036342,13298975284,https://sra-pub-run-odp.s3.amazonaws.com/sra/SRR39377988/SRR39377988,https://trace.ncbi.nlm.nih.gov/Traces/?view=run_browser&acc=SRR39377988,
46,0,Oral Cavity Carcinoma,SRR39377989,45373378.0,28048265,8470576030,https://sra-pub-run-odp.s3.amazonaws.com/sra/SRR39377989/SRR39377989,https://trace.ncbi.nlm.nih.gov/Traces/?view=run_browser&acc=SRR39377989,
47,0,Oral Cavity Carcinoma,SRR39377990,45373377.0,48159791,14544256882,https://sra-pub-run-odp.s3.amazonaws.com/sra/SRR39377990/SRR39377990,https://trace.ncbi.nlm.nih.gov/Traces/?view=run_browser&acc=SRR39377990,
48,0,Oral Cavity Carcinoma,SRR39377991,45373376.0,33167300,10016524600,https://sra-pub-run-odp.s3.amazonaws.com/sra/SRR39377991/SRR39377991,https://trace.ncbi.nlm.nih.gov/Traces/?view=run_browser&acc=SRR39377991,
49,0,Oral Cavity Carcinoma,SRR39377992,45373375.0,38772160,11709192320,https://sra-pub-run-odp.s3.amazonaws.com/sra/SRR39377992/SRR39377992,https://trace.ncbi.nlm.nih.gov/Traces/?view=run_browser&acc=SRR39377992,
50,0,Oral Cavity Carcinoma,SRR39377993,45373374.0,39579668,11953059736,https://sra-pub-run-odp.s3.amazonaws.com/sra/SRR39377993/SRR39377993,https://trace.ncbi.nlm.nih.gov/Traces/?view=run_browser&acc=SRR39377993,
51,0,Oral Cavity Carcinoma,SRR39377994,45373373.0,34105609,10299893918,https://sra-pub-run-odp.s3.amazonaws.com/sra/SRR39377994/SRR39377994,https://trace.ncbi.nlm.nih.gov/Traces/?view=run_browser&acc=SRR39377994,
52,0,Oral Cavity Carcinoma,SRR39377995,45373372.0,47778330,14429055660,https://sra-pub-run-odp.s3.amazonaws.com/sra/SRR39377995/SRR39377995,https://trace.ncbi.nlm.nih.gov/Traces/?view=run_browser&acc=SRR39377995,
53,0,Oral Cavity Carcinoma,SRR39235720,45227123.0,24722070,7466065140,https://sra-pub-run-odp.s3.amazonaws.com/sra/SRR39235720/SRR39235720,https://trace.ncbi.nlm.nih.gov/Traces/?view=run_browser&acc=SRR39235720,
54,0,Oral Cavity Carcinoma,SRR39235721,45227122.0,33023117,9972981334,https://sra-pub-run-odp.s3.amazonaws.com/sra/SRR39235721/SRR39235721,https://trace.ncbi.nlm.nih.gov/Traces/?view=run_browser&acc=SRR39235721,
55,0,Oral Cavity Carcinoma,SRR39235722,45227121.0,53537150,16168219300,https://sra-pub-run-odp.s3.amazonaws.com/sra/SRR39235722/SRR39235722,https://trace.ncbi.nlm.nih.gov/Traces/?view=run_browser&acc=SRR39235722,
56,0,Oral Cavity Carcinoma,SRR39235723,45227120.0,44487855,13435332210,https://sra-pub-run-odp.s3.amazonaws.com/sra/SRR39235723/SRR39235723,https://trace.ncbi.nlm.nih.gov/Traces/?view=run_browser&acc=SRR39235723,
57,0,Oral Cavity Carcinoma,SRR39235724,45227119.0,47583818,14370313036,https://sra-pub-run-odp.s3.amazonaws.com/sra/SRR39235724/SRR39235724,https://trace.ncbi.nlm.nih.gov/Traces/?view=run_browser&acc=SRR39235724,
58,0,Oral Cavity Carcinoma,SRR39235725,45227118.0,38850993,11732999886,https://sra-pub-run-odp.s3.amazonaws.com/sra/SRR39235725/SRR39235725,https://trace.ncbi.nlm.nih.gov/Traces/?view=run_browser&acc=SRR39235725,
59,0,Oral Cavity Carcinoma,SRR39235726,45227117.0,34891626,10537271052,https://sra-pub-run-odp.s3.amazonaws.com/sra/SRR39235726/SRR39235726,https://trace.ncbi.nlm.nih.gov/Traces/?view=run_browser&acc=SRR39235726,
60,0,Oral Cavity Carcinoma,SRR39235727,45227116.0,46605127,14074748354,https://sra-pub-run-odp.s3.amazonaws.com/sra/SRR39235727/SRR39235727,https://trace.ncbi.nlm.nih.gov/Traces/?view=run_browser&acc=SRR39235727,
61,0,Oral Cavity Carcinoma,SRR39235728,45227115.0,46167884,13942700968,https://sra-pub-run-odp.s3.amazonaws.com/sra/SRR39235728/SRR39235728,https://trace.ncbi.nlm.nih.gov/Traces/?view=run_browser&acc=SRR39235728,
62,0,Oral Cavity Carcinoma,SRR39235729,45227114.0,47840606,14447863012,https://sra-pub-run-odp.s3.amazonaws.com/sra/SRR39235729/SRR39235729,https://trace.ncbi.nlm.nih.gov/Traces/?view=run_browser&acc=SRR39235729,
63,0,Oral Cavity Carcinoma,SRR39235730,45227113.0,39208250,11840891500,https://sra-pub-run-odp.s3.amazonaws.com/sra/SRR39235730/SRR39235730,https://trace.ncbi.nlm.nih.gov/Traces/?view=run_browser&acc=SRR39235730,
64,0,Oral Cavity Carcinoma,SRR39235731,45227112.0,51484241,15548240782,https://sra-pub-run-odp.s3.amazonaws.com/sra/SRR39235731/SRR39235731,https://trace.ncbi.nlm.nih.gov/Traces/?view=run_browser&acc=SRR39235731,
65,0,Oral Cavity Carcinoma,SRR39235732,45227111.0,48329832,14595609264,https://sra-pub-run-odp.s3.amazonaws.com/sra/SRR39235732/SRR39235732,https://trace.ncbi.nlm.nih.gov/Traces/?view=run_browser&acc=SRR39235732,
66,0,Oral Cavity Carcinoma,SRR39235733,45227110.0,55033878,16620231156,https://sra-pub-run-odp.s3.amazonaws.com/sra/SRR39235733/SRR39235733,https://trace.ncbi.nlm.nih.gov/Traces/?view=run_browser&acc=SRR39235733,
67,0,Oral Cavity Carcinoma,SRR39235734,45227109.0,39539626,11940967052,https://sra-pub-run-odp.s3.amazonaws.com/sra/SRR39235734/SRR39235734,https://trace.ncbi.nlm.nih.gov/Traces/?view=run_browser&acc=SRR39235734,
68,0,Oral Cavity Carcinoma,SRR39235735,45227108.0,51609371,15586030042,https://sra-pub-run-odp.s3.amazonaws.com/sra/SRR39235735/SRR39235735,https://trace.ncbi.nlm.nih.gov/Traces/?view=run_browser&acc=SRR39235735,
69,0,Oral Cavity Carcinoma,SRR39235736,45227107.0,59661656,18017820112,https://sra-pub-run-odp.s3.amazonaws.com/sra/SRR39235736/SRR39235736,https://trace.ncbi.nlm.nih.gov/Traces/?view=run_browser&acc=SRR39235736,
70,0,Oral Cavity Carcinoma,SRR39235737,45227106.0,35314729,10665048158,https://sra-pub-run-odp.s3.amazonaws.com/sra/SRR39235737/SRR39235737,https://trace.ncbi.nlm.nih.gov/Traces/?view=run_browser&acc=SRR39235737,
71,0,Oral Cavity Carcinoma,SRR39235738,45227105.0,42647541,12879557382,https://sra-pub-run-odp.s3.amazonaws.com/sra/SRR39235738/SRR39235738,https://trace.ncbi.nlm.nih.gov/Traces/?view=run_browser&acc=SRR39235738,
72,0,Oral Cavity Carcinoma,SRR39235739,45227104.0,47987857,14492332814,https://sra-pub-run-odp.s3.amazonaws.com/sra/SRR39235739/SRR39235739,https://trace.ncbi.nlm.nih.gov/Traces/?view=run_browser&acc=SRR39235739,
73,0,Oral Cavity Carcinoma,SRR39235740,45227103.0,42812798,12929464996,https://sra-pub-run-odp.s3.amazonaws.com/sra/SRR39235740/SRR39235740,https://trace.ncbi.nlm.nih.gov/Traces/?view=run_browser&acc=SRR39235740,
74,0,Oral Cavity Carcinoma,SRR39235741,45227102.0,31126312,9400146224,https://sra-pub-run-odp.s3.amazonaws.com/sra/SRR39235741/SRR39235741,https://trace.ncbi.nlm.nih.gov/Traces/?view=run_browser&acc=SRR39235741,
75,0,Oral Cavity Carcinoma,SRR39235742,45227101.0,40262389,12159241478,https://sra-pub-run-odp.s3.amazonaws.com/sra/SRR39235742/SRR39235742,https://trace.ncbi.nlm.nih.gov/Traces/?view=run_browser&acc=SRR39235742,
76,0,Oral Cavity Carcinoma,SRR39235743,45227100.0,53585993,16182969886,https://sra-pub-run-odp.s3.amazonaws.com/sra/SRR39235743/SRR39235743,https://trace.ncbi.nlm.nih.gov/Traces/?view=run_browser&acc=SRR39235743,
77,0,Oral Cavity Carcinoma,SRR39235744,45227099.0,36860636,11131912072,https://sra-pub-run-odp.s3.amazonaws.com/sra/SRR39235744/SRR39235744,https://trace.ncbi.nlm.nih.gov/Traces/?view=run_browser&acc=SRR39235744,
78,0,Oral Cavity Carcinoma,SRR39235745,45227098.0,42841107,12938014314,https://sra-pub-run-odp.s3.amazonaws.com/sra/SRR39235745/SRR39235745,https://trace.ncbi.nlm.nih.gov/Traces/?view=run_browser&acc=SRR39235745,
79,0,Oral Cavity Carcinoma,SRR39235746,45227097.0,44047263,13302273426,https://sra-pub-run-odp.s3.amazonaws.com/sra/SRR39235746/SRR39235746,https://trace.ncbi.nlm.nih.gov/Traces/?view=run_browser&acc=SRR39235746,
80,0,Oral Cavity Carcinoma,SRR39235747,45227096.0,42740822,12907728244,https://sra-pub-run-odp.s3.amazonaws.com/sra/SRR39235747/SRR39235747,https://trace.ncbi.nlm.nih.gov/Traces/?view=run_browser&acc=SRR39235747,
81,0,Oral Cavity Carcinoma,SRR39235748,45227095.0,40347072,12184815744,https://sra-pub-run-odp.s3.amazonaws.com/sra/SRR39235748/SRR39235748,https://trace.ncbi.nlm.nih.gov/Traces/?view=run_browser&acc=SRR39235748,
82,0,Oral Cavity Carcinoma,SRR39235749,45227094.0,47097350,14223399700,https://sra-pub-run-odp.s3.amazonaws.com/sra/SRR39235749/SRR39235749,https://trace.ncbi.nlm.nih.gov/Traces/?view=run_browser&acc=SRR39235749,
83,0,Oral Cavity Carcinoma,SRR39235750,45227093.0,49170179,14849394058,https://sra-pub-run-odp.s3.amazonaws.com/sra/SRR39235750/SRR39235750,https://trace.ncbi.nlm.nih.gov/Traces/?view=run_browser&acc=SRR39235750,
84,0,Oral Cavity Carcinoma,SRR39235751,45227092.0,39451320,11914298640,https://sra-pub-run-odp.s3.amazonaws.com/sra/SRR39235751/SRR39235751,https://trace.ncbi.nlm.nih.gov/Traces/?view=run_browser&acc=SRR39235751,
85,0,Oral Cavity Carcinoma,SRR39235752,45227091.0,50627240,15289426480,https://sra-pub-run-odp.s3.amazonaws.com/sra/SRR39235752/SRR39235752,https://trace.ncbi.nlm.nih.gov/Traces/?view=run_browser&acc=SRR39235752,
86,0,Oral Cavity Carcinoma,SRR39235753,45227090.0,31683372,9568378344,https://sra-pub-run-odp.s3.amazonaws.com/sra/SRR39235753/SRR39235753,https://trace.ncbi.nlm.nih.gov/Traces/?view=run_browser&acc=SRR39235753,
87,0,Oral Cavity Carcinoma,SRR39235754,45227089.0,33794297,10205877694,https://sra-pub-run-odp.s3.amazonaws.com/sra/SRR39235754/SRR39235754,https://trace.ncbi.nlm.nih.gov/Traces/?view=run_browser&acc=SRR39235754,
88,0,Oral Cavity Carcinoma,SRR39235755,45227088.0,48714630,14711818260,https://sra-pub-run-odp.s3.amazonaws.com/sra/SRR39235755/SRR39235755,https://trace.ncbi.nlm.nih.gov/Traces/?view=run_browser&acc=SRR39235755,
89,0,Oral Cavity Carcinoma,SRR39235756,45227087.0,43920188,13263896776,https://sra-pub-run-odp.s3.amazonaws.com/sra/SRR39235756/SRR39235756,https://trace.ncbi.nlm.nih.gov/Traces/?view=run_browser&acc=SRR39235756,
90,0,Oral Cavity Carcinoma,SRR39235757,45227086.0,43186835,13042424170,https://sra-pub-run-odp.s3.amazonaws.com/sra/SRR39235757/SRR39235757,https://trace.ncbi.nlm.nih.gov/Traces/?view=run_browser&acc=SRR39235757,
91,0,Oral Cavity Carcinoma,SRR39235758,45227085.0,41470364,12524049928,https://sra-pub-run-odp.s3.amazonaws.com/sra/SRR39235758/SRR39235758,https://trace.ncbi.nlm.nih.gov/Traces/?view=run_browser&acc=SRR39235758,
92,0,Oral Cavity Carcinoma,SRR39235759,45227084.0,47002552,14194770704,https://sra-pub-run-odp.s3.amazonaws.com/sra/SRR39235759/SRR39235759,https://trace.ncbi.nlm.nih.gov/Traces/?view=run_browser&acc=SRR39235759,
93,0,Oral Cavity Carcinoma,SRR39235760,45227083.0,57527338,11620522276,https://sra-pub-run-odp.s3.amazonaws.com/sra/SRR39235760/SRR39235760,https://trace.ncbi.nlm.nih.gov/Traces/?view=run_browser&acc=SRR39235760,
94,0,Oral Cavity Carcinoma,SRR39235761,45227082.0,44667836,13489686472,https://sra-pub-run-odp.s3.amazonaws.com/sra/SRR39235761/SRR39235761,https://trace.ncbi.nlm.nih.gov/Traces/?view=run_browser&acc=SRR39235761,
95,0,Oral Cavity Carcinoma,SRR39235762,45227081.0,39641879,11971847458,https://sra-pub-run-odp.s3.amazonaws.com/sra/SRR39235762/SRR39235762,https://trace.ncbi.nlm.nih.gov/Traces/?view=run_browser&acc=SRR39235762,
96,0,Oral Cavity Carcinoma,SRR39235763,45227080.0,55010182,16613074964,https://sra-pub-run-odp.s3.amazonaws.com/sra/SRR39235763/SRR39235763,https://trace.ncbi.nlm.nih.gov/Traces/?view=run_browser&acc=SRR39235763,
97,0,Oral Cavity Carcinoma,SRR39235764,45227079.0,35722352,10788150304,https://sra-pub-run-odp.s3.amazonaws.com/sra/SRR39235764/SRR39235764,https://trace.ncbi.nlm.nih.gov/Traces/?view=run_browser&acc=SRR39235764,
98,0,Oral Cavity Carcinoma,SRR39235765,45227078.0,26731654,8072959508,https://sra-pub-run-odp.s3.amazonaws.com/sra/SRR39235765/SRR39235765,https://trace.ncbi.nlm.nih.gov/Traces/?view=run_browser&acc=SRR39235765,
99,0,Oral Cavity Carcinoma,SRR39235766,45227077.0,32336156,9765519112,https://sra-pub-run-odp.s3.amazonaws.com/sra/SRR39235766/SRR39235766,https://trace.ncbi.nlm.nih.gov/Traces/?view=run_browser&acc=SRR39235766,
100,0,Oral Cavity Carcinoma,SRR39235767,45227076.0,29875062,9022268724,https://sra-pub-run-odp.s3.amazonaws.com/sra/SRR39235767/SRR39235767,https://trace.ncbi.nlm.nih.gov/Traces/?view=run_browser&acc=SRR39235767,
1,1,Lung Cancer,SRR40755076,,1907099,572129700,,,
2,1,Lung Cancer,SRR39676747,,2119734,317960100,,,
3,1,Lung Cancer,SRR39676748,,2167878,325181700,,,
4,1,Lung Cancer,SRR39676749,,2572439,385865850,,,
5,1,Lung Cancer,SRR39676750,,2438195,365729250,,,
6,1,Lung Cancer,SRR39676751,,2291951,343792650,,,
7,1,Lung Cancer,SRR39676752,,2774573,416185950,,,
8,1,Lung Cancer,SRR39676753,,2783926,417588900,,,
9,1,Lung Cancer,SRR39676754,,2375781,356367150,,,
10,1,Lung Cancer,SRR39676755,,1736435,260465250,,,
11,1,Lung Cancer,SRR39676756,,2890687,433603050,,,
12,1,Lung Cancer,SRR39676757,,5470665,820599750,,,
13,1,Lung Cancer,SRR39676758,,2223011,333451650,,,
14,1,Lung Cancer,SRR39676759,,4487709,673156350,,,
15,1,Lung Cancer,SRR39676761,,3983052,597457800,,,
16,1,Lung Cancer,SRR39676762,,3573457,536018550,,,
17,1,Lung Cancer,SRR39676763,,2354569,353185350,,,
18,1,Lung Cancer,SRR39676764,,4475206,671280900,,,
19,1,Lung Cancer,SRR39676765,,1830664,278260928,,,
20,1,Lung Cancer,SRR39676766,,2198655,334195560,,,
21,1,Lung Cancer,SRR39676767,,1643264,249776128,,,
22,1,Lung Cancer,SRR39676768,,2420901,363135150,,,
23,1,Lung Cancer,SRR39676769,,1076401,161460150,,,
24,1,Lung Cancer,SRR39676770,,1821764,273264600,,,
25,1,Lung Cancer,SRR39676771,,1332622,399786600,,,
26,1,Lung Cancer,SRR39676772,,7025576,1053836400,,,
27,1,Lung Cancer,SRR39676773,,2623916,398835232,,,
28,1,Lung Cancer,SRR39676774,,1613640,242046000,,,
29,1,Lung Cancer,SRR39676775,,2840173,426025950,,,
30,1,Lung Cancer,SRR39676776,,2970568,445585200,,,
31,1,Lung Cancer,SRR39676777,,3054148,458122200,,,
32,1,Lung Cancer,SRR39676778,,2504390,375658500,,,
33,1,Lung Cancer,SRR39676779,,2093847,314077050,,,
34,1,Lung Cancer,SRR39676780,,2501101,375165150,,,
35,1,Lung Cancer,SRR39676781,,1953285,292992750,,,
36,1,Lung Cancer,SRR39676782,,2684649,408066648,,,
37,1,Lung Cancer,SRR39676783,,2961352,450125504,,,
38,1,Lung Cancer,SRR39676784,,1628456,247525312,,,
39,1,Lung Cancer,SRR39676785,,3201928,480289200,,,
40,1,Lung Cancer,SRR39676786,,2700420,410463840,,,
41,1,Lung Cancer,SRR39676787,,2200663,334500776,,,
42,1,Lung Cancer,SRR39676788,,1713148,260398496,,,
43,1,Lung Cancer,SRR39676789,,1464895,222664040,,,
44,1,Lung Cancer,SRR39676790,,1740110,264496720,,,
45,1,Lung Cancer,SRR39676791,,1579144,240029888,,,
46,1,Lung Cancer,SRR39676792,,985023,149723496,,,
47,1,Lung Cancer,SRR39676793,,2606669,396213688,,,
48,1,Lung Cancer,SRR39676794,,1102524,167583648,,,
49,1,Lung Cancer,SRR39676795,,1221276,185633952,,,
50,1,Lung Cancer,SRR39676796,,2014326,302148900,,,
51,1,Lung Cancer,SRR39676797,,1122814,170667728,,,
52,1,Lung Cancer,SRR39676798,,1204620,183102240,,,
53,1,Lung Cancer,SRR39676799,,1540309,234126968,,,
54,1,Lung Cancer,SRR39676800,,1543982,234685264,,,
55,1,Lung Cancer,SRR39676801,,1725806,262322512,,,
56,1,Lung Cancer,SRR39676802,,1943963,295482376,,,
57,1,Lung Cancer,SRR39676803,,984962,149714224,,,
58,1,Lung Cancer,SRR39676804,,1744545,265170840,,,
59,1,Lung Cancer,SRR39676805,,2206191,335341032,,,
60,1,Lung Cancer,SRR39676806,,1877058,285312816,,,
61,1,Lung Cancer,SRR39676807,,2711599,412163048,,,
62,1,Lung Cancer,SRR39676808,,1207783,183583016,,,
63,1,Lung Cancer,SRR39676809,,2131584,324000768,,,
64,1,Lung Cancer,SRR39676810,,2196133,333812216,,,
65,1,Lung Cancer,SRR39676811,,3154069,479418488,,,
66,1,Lung Cancer,SRR39676812,,2928352,445109504,,,
67,1,Lung Cancer,SRR39676813,,1807970,274811440,,,
68,1,Lung Cancer,SRR39676814,,1759278,267410256,,,
69,1,Lung Cancer,SRR39676815,,1473932,224037664,,,
70,1,Lung Cancer,SRR39676816,,2457354,373517808,,,
71,1,Lung Cancer,SRR39676817,,2321269,352832888,,,
72,1,Lung Cancer,SRR39676818,,2936877,446405304,,,
73,1,Lung Cancer,SRR39676819,,1794104,272703808,,,
74,1,Lung Cancer,SRR39676820,,2121426,318213900,,,
75,1,Lung Cancer,SRR39676821,,1647386,250402672,,,
76,1,Lung Cancer,SRR39676822,,1869699,284194248,,,
77,1,Lung Cancer,SRR39676823,,2529181,384435512,,,
78,1,Lung Cancer,SRR39676824,,1867974,283932048,,,
79,1,Lung Cancer,SRR39676825,,1703041,258862232,,,
80,1,Lung Cancer,SRR39676827,,3712473,556870950,,,
81,1,Lung Cancer,SRR39676828,,2868321,430248150,,,
82,1,Lung Cancer,SRR39676829,,2664531,399679650,,,
83,1,Lung Cancer,SRR39676830,,2678424,407120448,,,
84,1,Lung Cancer,SRR39453242,,1436790,433910580,,,
85,1,Lung Cancer,SRR39453243,,1783330,538565660,,,
86,1,Lung Cancer,SRR39453244,,2397116,723929032,,,
87,1,Lung Cancer,SRR39453245,,946979,285987658,,,
88,1,Lung Cancer,SRR39453246,,2930614,885045428,,,
89,1,Lung Cancer,SRR39453247,,3086649,932167998,,,
90,1,Lung Cancer,SRR39453248,,2959366,893728532,,,
91,1,Lung Cancer,SRR39453249,,763424,230554048,,,
92,1,Lung Cancer,SRR39453250,,1231171,371813642,,,
93,1,Lung Cancer,SRR39453251,,880758,265988916,,,
94,1,Lung Cancer,SRR39453252,,841800,254223600,,,
95,1,Lung Cancer,SRR39453253,,2382420,719490840,,,
96,1,Lung Cancer,SRR39453254,,1787465,539814430,,,
97,1,Lung Cancer,SRR39453255,,2218971,670129242,,,
98,1,Lung Cancer,SRR39453256,,1201603,362884106,,,
99,1,Lung Cancer,SRR39453258,,2235168,675020736,,,
100,1,Lung Cancer,SRR39453259,,1741739,526005178,,,
1,2,Female Breast Cancer,SRR36267993,41792305.0,25078930,7523679000,https://sra-pub-run-odp.s3.amazonaws.com/sra/SRR36267993/SRR36267993,https://trace.ncbi.nlm.nih.gov/Traces/?view=run_browser&acc=SRR36267993,
2,2,Female Breast Cancer,SRR36267994,41792304.0,30722525,9216757500,https://sra-pub-run-odp.s3.amazonaws.com/sra/SRR36267994/SRR36267994,https://trace.ncbi.nlm.nih.gov/Traces/?view=run_browser&acc=SRR36267994,
3,2,Female Breast Cancer,SRR36267995,41792303.0,33427296,10028188800,https://sra-pub-run-odp.s3.amazonaws.com/sra/SRR36267995/SRR36267995,https://trace.ncbi.nlm.nih.gov/Traces/?view=run_browser&acc=SRR36267995,
4,2,Female Breast Cancer,SRR36267996,41792302.0,32203336,9661000800,https://sra-pub-run-odp.s3.amazonaws.com/sra/SRR36267996/SRR36267996,https://trace.ncbi.nlm.nih.gov/Traces/?view=run_browser&acc=SRR36267996,
5,2,Female Breast Cancer,SRR36267997,41792301.0,29455181,8836554300,https://sra-pub-run-odp.s3.amazonaws.com/sra/SRR36267997/SRR36267997,https://trace.ncbi.nlm.nih.gov/Traces/?view=run_browser&acc=SRR36267997,
6,2,Female Breast Cancer,SRR36267998,41792300.0,31992996,9597898800,https://sra-pub-run-odp.s3.amazonaws.com/sra/SRR36267998/SRR36267998,https://trace.ncbi.nlm.nih.gov/Traces/?view=run_browser&acc=SRR36267998,
7,2,Female Breast Cancer,SRR36267999,41792299.0,33315783,9994734900,https://sra-pub-run-odp.s3.amazonaws.com/sra/SRR36267999/SRR36267999,https://trace.ncbi.nlm.nih.gov/Traces/?view=run_browser&acc=SRR36267999,
8,2,Female Breast Cancer,SRR36268000,41792298.0,36431255,10929376500,https://sra-pub-run-odp.s3.amazonaws.com/sra/SRR36268000/SRR36268000,https://trace.ncbi.nlm.nih.gov/Traces/?view=run_browser&acc=SRR36268000,
9,2,Female Breast Cancer,SRR36268001,41792297.0,31440323,9432096900,https://sra-pub-run-odp.s3.amazonaws.com/sra/SRR36268001/SRR36268001,https://trace.ncbi.nlm.nih.gov/Traces/?view=run_browser&acc=SRR36268001,
10,2,Female Breast Cancer,SRR36268002,41792296.0,26202587,7860776100,https://sra-pub-run-odp.s3.amazonaws.com/sra/SRR36268002/SRR36268002,https://trace.ncbi.nlm.nih.gov/Traces/?view=run_browser&acc=SRR36268002,
11,2,Female Breast Cancer,SRR36268003,41792295.0,25516665,7654999500,https://sra-pub-run-odp.s3.amazonaws.com/sra/SRR36268003/SRR36268003,https://trace.ncbi.nlm.nih.gov/Traces/?view=run_browser&acc=SRR36268003,
12,2,Female Breast Cancer,SRR36268004,41792294.0,24784852,7435455600,https://sra-pub-run-odp.s3.amazonaws.com/sra/SRR36268004/SRR36268004,https://trace.ncbi.nlm.nih.gov/Traces/?view=run_browser&acc=SRR36268004,
13,2,Female Breast Cancer,SRR36268005,41792293.0,23858203,7157460900,https://sra-pub-run-odp.s3.amazonaws.com/sra/SRR36268005/SRR36268005,https://trace.ncbi.nlm.nih.gov/Traces/?view=run_browser&acc=SRR36268005,
14,2,Female Breast Cancer,SRR36268006,41792292.0,23539325,7061797500,https://sra-pub-run-odp.s3.amazonaws.com/sra/SRR36268006/SRR36268006,https://trace.ncbi.nlm.nih.gov/Traces/?view=run_browser&acc=SRR36268006,
15,2,Female Breast Cancer,SRR36268007,41792291.0,21124971,6337491300,https://sra-pub-run-odp.s3.amazonaws.com/sra/SRR36268007/SRR36268007,https://trace.ncbi.nlm.nih.gov/Traces/?view=run_browser&acc=SRR36268007,
16,2,Female Breast Cancer,SRR36268008,41792290.0,22064190,6619257000,https://sra-pub-run-odp.s3.amazonaws.com/sra/SRR36268008/SRR36268008,https://trace.ncbi.nlm.nih.gov/Traces/?view=run_browser&acc=SRR36268008,
17,2,Female Breast Cancer,SRR36268009,41792289.0,21111395,6333418500,https://sra-pub-run-odp.s3.amazonaws.com/sra/SRR36268009/SRR36268009,https://trace.ncbi.nlm.nih.gov/Traces/?view=run_browser&acc=SRR36268009,
18,2,Female Breast Cancer,SRR36268010,41792288.0,23088585,6926575500,https://sra-pub-run-odp.s3.amazonaws.com/sra/SRR36268010/SRR36268010,https://trace.ncbi.nlm.nih.gov/Traces/?view=run_browser&acc=SRR36268010,
19,2,Female Breast Cancer,SRR40901851,47057645.0,261812885,36130178130,https://sra-pub-run-odp.s3.amazonaws.com/sra/SRR40901851/SRR40901851,https://trace.ncbi.nlm.nih.gov/Traces/?view=run_browser&acc=SRR40901851,
20,2,Female Breast Cancer,SRR40901861,47057640.0,239801554,40286661072,https://sra-pub-run-odp.s3.amazonaws.com/sra/SRR40901861/SRR40901861,https://trace.ncbi.nlm.nih.gov/Traces/?view=run_browser&acc=SRR40901861,
21,2,Female Breast Cancer,SRR40901875,47057633.0,211859560,35592406080,https://sra-pub-run-odp.s3.amazonaws.com/sra/SRR40901875/SRR40901875,https://trace.ncbi.nlm.nih.gov/Traces/?view=run_browser&acc=SRR40901875,
22,2,Female Breast Cancer,SRR40901849,47057646.0,203396136,28068666768,https://sra-pub-run-odp.s3.amazonaws.com/sra/SRR40901849/SRR40901849,https://trace.ncbi.nlm.nih.gov/Traces/?view=run_browser&acc=SRR40901849,
23,2,Female Breast Cancer,SRR40901853,47057644.0,273443694,37735229772,https://sra-pub-run-odp.s3.amazonaws.com/sra/SRR40901853/SRR40901853,https://trace.ncbi.nlm.nih.gov/Traces/?view=run_browser&acc=SRR40901853,
24,2,Female Breast Cancer,SRR40901854,47057643.0,282455307,38978832366,https://sra-pub-run-odp.s3.amazonaws.com/sra/SRR40901854/SRR40901854,https://trace.ncbi.nlm.nih.gov/Traces/?view=run_browser&acc=SRR40901854,
25,2,Female Breast Cancer,SRR40901856,47057642.0,257513419,35536851822,https://sra-pub-run-odp.s3.amazonaws.com/sra/SRR40901856/SRR40901856,https://trace.ncbi.nlm.nih.gov/Traces/?view=run_browser&acc=SRR40901856,
26,2,Female Breast Cancer,SRR40901858,47057641.0,241619903,33343546614,https://sra-pub-run-odp.s3.amazonaws.com/sra/SRR40901858/SRR40901858,https://trace.ncbi.nlm.nih.gov/Traces/?view=run_browser&acc=SRR40901858,
27,2,Female Breast Cancer,SRR40901863,47057639.0,198110795,33282613560,https://sra-pub-run-odp.s3.amazonaws.com/sra/SRR40901863/SRR40901863,https://trace.ncbi.nlm.nih.gov/Traces/?view=run_browser&acc=SRR40901863,
28,2,Female Breast Cancer,SRR40901865,47057638.0,245227907,33841451166,https://sra-pub-run-odp.s3.amazonaws.com/sra/SRR40901865/SRR40901865,https://trace.ncbi.nlm.nih.gov/Traces/?view=run_browser&acc=SRR40901865,
29,2,Female Breast Cancer,SRR40901867,47057637.0,248787993,41796382824,https://sra-pub-run-odp.s3.amazonaws.com/sra/SRR40901867/SRR40901867,https://trace.ncbi.nlm.nih.gov/Traces/?view=run_browser&acc=SRR40901867,
30,2,Female Breast Cancer,SRR40901869,47057636.0,242486051,33463075038,https://sra-pub-run-odp.s3.amazonaws.com/sra/SRR40901869/SRR40901869,https://trace.ncbi.nlm.nih.gov/Traces/?view=run_browser&acc=SRR40901869,
31,2,Female Breast Cancer,SRR40901871,47057635.0,245163692,33832589496,https://sra-pub-run-odp.s3.amazonaws.com/sra/SRR40901871/SRR40901871,https://trace.ncbi.nlm.nih.gov/Traces/?view=run_browser&acc=SRR40901871,
32,2,Female Breast Cancer,SRR40901873,47057634.0,254678703,35145661014,https://sra-pub-run-odp.s3.amazonaws.com/sra/SRR40901873/SRR40901873,https://trace.ncbi.nlm.nih.gov/Traces/?view=run_browser&acc=SRR40901873,
33,2,Female Breast Cancer,ERR17855220,46885156.0,273605268,22728456959,https://sra-pub-run-odp.s3.amazonaws.com/sra/ERR17855220/ERR17855220,https://trace.ncbi.nlm.nih.gov/Traces/?view=run_browser&acc=ERR17855220,
34,2,Female Breast Cancer,ERR17855218,46884791.0,326769395,33158703987,https://sra-pub-run-odp.s3.amazonaws.com/sra/ERR17855218/ERR17855218,https://trace.ncbi.nlm.nih.gov/Traces/?view=run_browser&acc=ERR17855218,
35,2,Female Breast Cancer,ERR17855225,46887130.0,382650735,35290183923,https://sra-pub-run-odp.s3.amazonaws.com/sra/ERR17855225/ERR17855225,https://trace.ncbi.nlm.nih.gov/Traces/?view=run_browser&acc=ERR17855225,
36,2,Female Breast Cancer,ERR17855229,46887128.0,280766929,21788779185,https://sra-pub-run-odp.s3.amazonaws.com/sra/ERR17855229/ERR17855229,https://trace.ncbi.nlm.nih.gov/Traces/?view=run_browser&acc=ERR17855229,
37,2,Female Breast Cancer,ERR17855222,46887106.0,439809262,131942778600,https://sra-pub-run-odp.s3.amazonaws.com/sra/ERR17855222/ERR17855222,https://trace.ncbi.nlm.nih.gov/Traces/?view=run_browser&acc=ERR17855222,
38,2,Female Breast Cancer,ERR17855227,46887094.0,349810584,31772903526,https://sra-pub-run-odp.s3.amazonaws.com/sra/ERR17855227/ERR17855227,https://trace.ncbi.nlm.nih.gov/Traces/?view=run_browser&acc=ERR17855227,
39,2,Female Breast Cancer,ERR17855226,46887091.0,347068618,104120585400,https://sra-pub-run-odp.s3.amazonaws.com/sra/ERR17855226/ERR17855226,https://trace.ncbi.nlm.nih.gov/Traces/?view=run_browser&acc=ERR17855226,
40,2,Female Breast Cancer,ERR17855219,46885465.0,380267951,33334029417,https://sra-pub-run-odp.s3.amazonaws.com/sra/ERR17855219/ERR17855219,https://trace.ncbi.nlm.nih.gov/Traces/?view=run_browser&acc=ERR17855219,
41,2,Female Breast Cancer,ERR17855217,46885171.0,340220003,102066000900,https://sra-pub-run-odp.s3.amazonaws.com/sra/ERR17855217/ERR17855217,https://trace.ncbi.nlm.nih.gov/Traces/?view=run_browser&acc=ERR17855217,
42,2,Female Breast Cancer,ERR17855216,46885167.0,363179792,108953937600,https://sra-pub-run-odp.s3.amazonaws.com/sra/ERR17855216/ERR17855216,https://trace.ncbi.nlm.nih.gov/Traces/?view=run_browser&acc=ERR17855216,
43,2,Female Breast Cancer,ERR17855221,46885165.0,427278490,128183547000,https://sra-pub-run-odp.s3.amazonaws.com/sra/ERR17855221/ERR17855221,https://trace.ncbi.nlm.nih.gov/Traces/?view=run_browser&acc=ERR17855221,
44,2,Female Breast Cancer,ERR17855228,46885160.0,377442105,29257542559,https://sra-pub-run-odp.s3.amazonaws.com/sra/ERR17855228/ERR17855228,https://trace.ncbi.nlm.nih.gov/Traces/?view=run_browser&acc=ERR17855228,
45,2,Female Breast Cancer,ERR17855224,46885159.0,300075894,30787528924,https://sra-pub-run-odp.s3.amazonaws.com/sra/ERR17855224/ERR17855224,https://trace.ncbi.nlm.nih.gov/Traces/?view=run_browser&acc=ERR17855224,
46,2,Female Breast Cancer,ERR17885194,46865891.0,832753,99930360,https://sra-pub-run-odp.s3.amazonaws.com/sra/ERR17885194/ERR17885194,https://trace.ncbi.nlm.nih.gov/Traces/?view=run_browser&acc=ERR17885194,
47,2,Female Breast Cancer,ERR17885509,46865862.0,862117,103454040,https://sra-pub-run-odp.s3.amazonaws.com/sra/ERR17885509/ERR17885509,https://trace.ncbi.nlm.nih.gov/Traces/?view=run_browser&acc=ERR17885509,
48,2,Female Breast Cancer,ERR17885817,46865840.0,599615,71953800,https://sra-pub-run-odp.s3.amazonaws.com/sra/ERR17885817/ERR17885817,https://trace.ncbi.nlm.nih.gov/Traces/?view=run_browser&acc=ERR17885817,
49,2,Female Breast Cancer,ERR17885147,46865834.0,554969,66596280,https://sra-pub-run-odp.s3.amazonaws.com/sra/ERR17885147/ERR17885147,https://trace.ncbi.nlm.nih.gov/Traces/?view=run_browser&acc=ERR17885147,
50,2,Female Breast Cancer,ERR17885259,46865826.0,2157145,258857400,https://sra-pub-run-odp.s3.amazonaws.com/sra/ERR17885259/ERR17885259,https://trace.ncbi.nlm.nih.gov/Traces/?view=run_browser&acc=ERR17885259,
51,2,Female Breast Cancer,ERR17885112,46865824.0,692357,83082840,https://sra-pub-run-odp.s3.amazonaws.com/sra/ERR17885112/ERR17885112,https://trace.ncbi.nlm.nih.gov/Traces/?view=run_browser&acc=ERR17885112,
52,2,Female Breast Cancer,ERR17885620,46865810.0,833051,99966120,https://sra-pub-run-odp.s3.amazonaws.com/sra/ERR17885620/ERR17885620,https://trace.ncbi.nlm.nih.gov/Traces/?view=run_browser&acc=ERR17885620,
53,2,Female Breast Cancer,ERR17885615,46865809.0,486346,58361520,https://sra-pub-run-odp.s3.amazonaws.com/sra/ERR17885615/ERR17885615,https://trace.ncbi.nlm.nih.gov/Traces/?view=run_browser&acc=ERR17885615,
54,2,Female Breast Cancer,ERR17885441,46865806.0,1652499,198299880,https://sra-pub-run-odp.s3.amazonaws.com/sra/ERR17885441/ERR17885441,https://trace.ncbi.nlm.nih.gov/Traces/?view=run_browser&acc=ERR17885441,
55,2,Female Breast Cancer,ERR17885465,46865772.0,382561,45907320,https://sra-pub-run-odp.s3.amazonaws.com/sra/ERR17885465/ERR17885465,https://trace.ncbi.nlm.nih.gov/Traces/?view=run_browser&acc=ERR17885465,
56,2,Female Breast Cancer,ERR17885762,46865761.0,1308050,156966000,https://sra-pub-run-odp.s3.amazonaws.com/sra/ERR17885762/ERR17885762,https://trace.ncbi.nlm.nih.gov/Traces/?view=run_browser&acc=ERR17885762,
57,2,Female Breast Cancer,ERR17885790,46865759.0,147971,17756520,https://sra-pub-run-odp.s3.amazonaws.com/sra/ERR17885790/ERR17885790,https://trace.ncbi.nlm.nih.gov/Traces/?view=run_browser&acc=ERR17885790,
58,2,Female Breast Cancer,ERR17885940,46865734.0,1249214,149905680,https://sra-pub-run-odp.s3.amazonaws.com/sra/ERR17885940/ERR17885940,https://trace.ncbi.nlm.nih.gov/Traces/?view=run_browser&acc=ERR17885940,
59,2,Female Breast Cancer,ERR17885945,46865717.0,257957,30954840,https://sra-pub-run-odp.s3.amazonaws.com/sra/ERR17885945/ERR17885945,https://trace.ncbi.nlm.nih.gov/Traces/?view=run_browser&acc=ERR17885945,
60,2,Female Breast Cancer,ERR17885177,46865715.0,886628,106395360,https://sra-pub-run-odp.s3.amazonaws.com/sra/ERR17885177/ERR17885177,https://trace.ncbi.nlm.nih.gov/Traces/?view=run_browser&acc=ERR17885177,
61,2,Female Breast Cancer,ERR17885207,46865690.0,249207,29904840,https://sra-pub-run-odp.s3.amazonaws.com/sra/ERR17885207/ERR17885207,https://trace.ncbi.nlm.nih.gov/Traces/?view=run_browser&acc=ERR17885207,
62,2,Female Breast Cancer,ERR17885607,46865682.0,308899,37067880,https://sra-pub-run-odp.s3.amazonaws.com/sra/ERR17885607/ERR17885607,https://trace.ncbi.nlm.nih.gov/Traces/?view=run_browser&acc=ERR17885607,
63,2,Female Breast Cancer,ERR17885272,46865639.0,572483,68697960,https://sra-pub-run-odp.s3.amazonaws.com/sra/ERR17885272/ERR17885272,https://trace.ncbi.nlm.nih.gov/Traces/?view=run_browser&acc=ERR17885272,
64,2,Female Breast Cancer,ERR17885962,46865629.0,533167,63980040,https://sra-pub-run-odp.s3.amazonaws.com/sra/ERR17885962/ERR17885962,https://trace.ncbi.nlm.nih.gov/Traces/?view=run_browser&acc=ERR17885962,
65,2,Female Breast Cancer,ERR17885302,46865615.0,316569,37988280,https://sra-pub-run-odp.s3.amazonaws.com/sra/ERR17885302/ERR17885302,https://trace.ncbi.nlm.nih.gov/Traces/?view=run_browser&acc=ERR17885302,
66,2,Female Breast Cancer,ERR17885951,46865609.0,386894,46427280,https://sra-pub-run-odp.s3.amazonaws.com/sra/ERR17885951/ERR17885951,https://trace.ncbi.nlm.nih.gov/Traces/?view=run_browser&acc=ERR17885951,
67,2,Female Breast Cancer,ERR17885467,46865606.0,398718,47846160,https://sra-pub-run-odp.s3.amazonaws.com/sra/ERR17885467/ERR17885467,https://trace.ncbi.nlm.nih.gov/Traces/?view=run_browser&acc=ERR17885467,
68,2,Female Breast Cancer,ERR17885141,46865591.0,610331,73239720,https://sra-pub-run-odp.s3.amazonaws.com/sra/ERR17885141/ERR17885141,https://trace.ncbi.nlm.nih.gov/Traces/?view=run_browser&acc=ERR17885141,
69,2,Female Breast Cancer,ERR17885544,46865547.0,608399,73007880,https://sra-pub-run-odp.s3.amazonaws.com/sra/ERR17885544/ERR17885544,https://trace.ncbi.nlm.nih.gov/Traces/?view=run_browser&acc=ERR17885544,
70,2,Female Breast Cancer,ERR17885922,46865544.0,560921,67310520,https://sra-pub-run-odp.s3.amazonaws.com/sra/ERR17885922/ERR17885922,https://trace.ncbi.nlm.nih.gov/Traces/?view=run_browser&acc=ERR17885922,
71,2,Female Breast Cancer,ERR17885458,46865534.0,582921,69950520,https://sra-pub-run-odp.s3.amazonaws.com/sra/ERR17885458/ERR17885458,https://trace.ncbi.nlm.nih.gov/Traces/?view=run_browser&acc=ERR17885458,
72,2,Female Breast Cancer,ERR17885164,46865524.0,696587,83590440,https://sra-pub-run-odp.s3.amazonaws.com/sra/ERR17885164/ERR17885164,https://trace.ncbi.nlm.nih.gov/Traces/?view=run_browser&acc=ERR17885164,
73,2,Female Breast Cancer,ERR17885574,46865521.0,612425,73491000,https://sra-pub-run-odp.s3.amazonaws.com/sra/ERR17885574/ERR17885574,https://trace.ncbi.nlm.nih.gov/Traces/?view=run_browser&acc=ERR17885574,
74,2,Female Breast Cancer,ERR17885581,46865502.0,777631,93315720,https://sra-pub-run-odp.s3.amazonaws.com/sra/ERR17885581/ERR17885581,https://trace.ncbi.nlm.nih.gov/Traces/?view=run_browser&acc=ERR17885581,
75,2,Female Breast Cancer,ERR17885931,46865485.0,954405,114528600,https://sra-pub-run-odp.s3.amazonaws.com/sra/ERR17885931/ERR17885931,https://trace.ncbi.nlm.nih.gov/Traces/?view=run_browser&acc=ERR17885931,
76,2,Female Breast Cancer,ERR17885729,46865481.0,958807,115056840,https://sra-pub-run-odp.s3.amazonaws.com/sra/ERR17885729/ERR17885729,https://trace.ncbi.nlm.nih.gov/Traces/?view=run_browser&acc=ERR17885729,
77,2,Female Breast Cancer,ERR17885137,46865469.0,232215,27865800,https://sra-pub-run-odp.s3.amazonaws.com/sra/ERR17885137/ERR17885137,https://trace.ncbi.nlm.nih.gov/Traces/?view=run_browser&acc=ERR17885137,
78,2,Female Breast Cancer,ERR17885804,46865465.0,1265825,151899000,https://sra-pub-run-odp.s3.amazonaws.com/sra/ERR17885804/ERR17885804,https://trace.ncbi.nlm.nih.gov/Traces/?view=run_browser&acc=ERR17885804,
79,2,Female Breast Cancer,ERR17885480,46865451.0,974388,116926560,https://sra-pub-run-odp.s3.amazonaws.com/sra/ERR17885480/ERR17885480,https://trace.ncbi.nlm.nih.gov/Traces/?view=run_browser&acc=ERR17885480,
80,2,Female Breast Cancer,ERR17885266,46865443.0,915364,109843680,https://sra-pub-run-odp.s3.amazonaws.com/sra/ERR17885266/ERR17885266,https://trace.ncbi.nlm.nih.gov/Traces/?view=run_browser&acc=ERR17885266,
81,2,Female Breast Cancer,ERR17885122,46865442.0,618036,74164320,https://sra-pub-run-odp.s3.amazonaws.com/sra/ERR17885122/ERR17885122,https://trace.ncbi.nlm.nih.gov/Traces/?view=run_browser&acc=ERR17885122,
82,2,Female Breast Cancer,ERR17885919,46865441.0,526653,63198360,https://sra-pub-run-odp.s3.amazonaws.com/sra/ERR17885919/ERR17885919,https://trace.ncbi.nlm.nih.gov/Traces/?view=run_browser&acc=ERR17885919,
83,2,Female Breast Cancer,ERR17885244,46865425.0,346059,41527080,https://sra-pub-run-odp.s3.amazonaws.com/sra/ERR17885244/ERR17885244,https://trace.ncbi.nlm.nih.gov/Traces/?view=run_browser&acc=ERR17885244,
84,2,Female Breast Cancer,ERR17885238,46865409.0,135803,16296360,https://sra-pub-run-odp.s3.amazonaws.com/sra/ERR17885238/ERR17885238,https://trace.ncbi.nlm.nih.gov/Traces/?view=run_browser&acc=ERR17885238,
85,2,Female Breast Cancer,ERR17885947,46865403.0,1100256,132030720,https://sra-pub-run-odp.s3.amazonaws.com/sra/ERR17885947/ERR17885947,https://trace.ncbi.nlm.nih.gov/Traces/?view=run_browser&acc=ERR17885947,
86,2,Female Breast Cancer,ERR17885944,46865389.0,586662,70399440,https://sra-pub-run-odp.s3.amazonaws.com/sra/ERR17885944/ERR17885944,https://trace.ncbi.nlm.nih.gov/Traces/?view=run_browser&acc=ERR17885944,
87,2,Female Breast Cancer,ERR17885224,46865328.0,441994,53039280,https://sra-pub-run-odp.s3.amazonaws.com/sra/ERR17885224/ERR17885224,https://trace.ncbi.nlm.nih.gov/Traces/?view=run_browser&acc=ERR17885224,
88,2,Female Breast Cancer,ERR17885766,46865324.0,284647,34157640,https://sra-pub-run-odp.s3.amazonaws.com/sra/ERR17885766/ERR17885766,https://trace.ncbi.nlm.nih.gov/Traces/?view=run_browser&acc=ERR17885766,
89,2,Female Breast Cancer,ERR17885525,46865319.0,557474,66896880,https://sra-pub-run-odp.s3.amazonaws.com/sra/ERR17885525/ERR17885525,https://trace.ncbi.nlm.nih.gov/Traces/?view=run_browser&acc=ERR17885525,
90,2,Female Breast Cancer,ERR17885934,46865316.0,493557,59226840,https://sra-pub-run-odp.s3.amazonaws.com/sra/ERR17885934/ERR17885934,https://trace.ncbi.nlm.nih.gov/Traces/?view=run_browser&acc=ERR17885934,
91,2,Female Breast Cancer,ERR17885772,46865311.0,551130,66135600,https://sra-pub-run-odp.s3.amazonaws.com/sra/ERR17885772/ERR17885772,https://trace.ncbi.nlm.nih.gov/Traces/?view=run_browser&acc=ERR17885772,
92,2,Female Breast Cancer,ERR17885949,46865308.0,707904,84948480,https://sra-pub-run-odp.s3.amazonaws.com/sra/ERR17885949/ERR17885949,https://trace.ncbi.nlm.nih.gov/Traces/?view=run_browser&acc=ERR17885949,
93,2,Female Breast Cancer,ERR17885329,46865303.0,93958,11274960,https://sra-pub-run-odp.s3.amazonaws.com/sra/ERR17885329/ERR17885329,https://trace.ncbi.nlm.nih.gov/Traces/?view=run_browser&acc=ERR17885329,
94,2,Female Breast Cancer,ERR17885747,46865264.0,277445,33293400,https://sra-pub-run-odp.s3.amazonaws.com/sra/ERR17885747/ERR17885747,https://trace.ncbi.nlm.nih.gov/Traces/?view=run_browser&acc=ERR17885747,
95,2,Female Breast Cancer,ERR17885609,46865227.0,465103,55812360,https://sra-pub-run-odp.s3.amazonaws.com/sra/ERR17885609/ERR17885609,https://trace.ncbi.nlm.nih.gov/Traces/?view=run_browser&acc=ERR17885609,
96,2,Female Breast Cancer,ERR17885493,46865221.0,894834,107380080,https://sra-pub-run-odp.s3.amazonaws.com/sra/ERR17885493/ERR17885493,https://trace.ncbi.nlm.nih.gov/Traces/?view=run_browser&acc=ERR17885493,
97,2,Female Breast Cancer,ERR17885213,46865208.0,853252,102390240,https://sra-pub-run-odp.s3.amazonaws.com/sra/ERR17885213/ERR17885213,https://trace.ncbi.nlm.nih.gov/Traces/?view=run_browser&acc=ERR17885213,
98,2,Female Breast Cancer,ERR17885153,46865202.0,1232616,147913920,https://sra-pub-run-odp.s3.amazonaws.com/sra/ERR17885153/ERR17885153,https://trace.ncbi.nlm.nih.gov/Traces/?view=run_browser&acc=ERR17885153,
99,2,Female Breast Cancer,ERR17885841,46865192.0,253439,30412680,https://sra-pub-run-odp.s3.amazonaws.com/sra/ERR17885841/ERR17885841,https://trace.ncbi.nlm.nih.gov/Traces/?view=run_browser&acc=ERR17885841,
100,2,Female Breast Cancer,ERR17885754,46865181.0,759415,91129800,https://sra-pub-run-odp.s3.amazonaws.com/sra/ERR17885754/ERR17885754,https://trace.ncbi.nlm.nih.gov/Traces/?view=run_browser&acc=ERR17885754,
1,3,Colorectal Cancer,SRR40937233,47085361.0,18403293,5520987900,https://sra-pub-run-odp.s3.amazonaws.com/sra/SRR40937233/SRR40937233,https://trace.ncbi.nlm.nih.gov/Traces/?view=run_browser&acc=SRR40937233,
2,3,Colorectal Cancer,SRR40937234,47085360.0,21963190,6588957000,https://sra-pub-run-odp.s3.amazonaws.com/sra/SRR40937234/SRR40937234,https://trace.ncbi.nlm.nih.gov/Traces/?view=run_browser&acc=SRR40937234,
3,3,Colorectal Cancer,SRR40937235,47085359.0,19377613,5813283900,https://sra-pub-run-odp.s3.amazonaws.com/sra/SRR40937235/SRR40937235,https://trace.ncbi.nlm.nih.gov/Traces/?view=run_browser&acc=SRR40937235,
4,3,Colorectal Cancer,SRR40937232,47085362.0,21043349,6313004700,https://sra-pub-run-odp.s3.amazonaws.com/sra/SRR40937232/SRR40937232,https://trace.ncbi.nlm.nih.gov/Traces/?view=run_browser&acc=SRR40937232,
5,3,Colorectal Cancer,SRR40937236,47085358.0,20180733,6054219900,https://sra-pub-run-odp.s3.amazonaws.com/sra/SRR40937236/SRR40937236,https://trace.ncbi.nlm.nih.gov/Traces/?view=run_browser&acc=SRR40937236,
6,3,Colorectal Cancer,SRR40937237,47085357.0,20956716,6287014800,https://sra-pub-run-odp.s3.amazonaws.com/sra/SRR40937237/SRR40937237,https://trace.ncbi.nlm.nih.gov/Traces/?view=run_browser&acc=SRR40937237,
7,3,Colorectal Cancer,SRR40876946,47021917.0,21478146,6443443800,https://sra-pub-run-odp.s3.amazonaws.com/sra/SRR40876946/SRR40876946,https://trace.ncbi.nlm.nih.gov/Traces/?view=run_browser&acc=SRR40876946,
8,3,Colorectal Cancer,SRR40876947,47021916.0,18182424,5454727200,https://sra-pub-run-odp.s3.amazonaws.com/sra/SRR40876947/SRR40876947,https://trace.ncbi.nlm.nih.gov/Traces/?view=run_browser&acc=SRR40876947,
9,3,Colorectal Cancer,SRR40876948,47021915.0,20422827,6126848100,https://sra-pub-run-odp.s3.amazonaws.com/sra/SRR40876948/SRR40876948,https://trace.ncbi.nlm.nih.gov/Traces/?view=run_browser&acc=SRR40876948,
10,3,Colorectal Cancer,SRR40876949,47021914.0,19483263,5844978900,https://sra-pub-run-odp.s3.amazonaws.com/sra/SRR40876949/SRR40876949,https://trace.ncbi.nlm.nih.gov/Traces/?view=run_browser&acc=SRR40876949,
11,3,Colorectal Cancer,SRR40876950,47021913.0,19898011,5969403300,https://sra-pub-run-odp.s3.amazonaws.com/sra/SRR40876950/SRR40876950,https://trace.ncbi.nlm.nih.gov/Traces/?view=run_browser&acc=SRR40876950,
12,3,Colorectal Cancer,SRR40876951,47021912.0,18502226,5550667800,https://sra-pub-run-odp.s3.amazonaws.com/sra/SRR40876951/SRR40876951,https://trace.ncbi.nlm.nih.gov/Traces/?view=run_browser&acc=SRR40876951,
13,3,Colorectal Cancer,SRR40875152,47019896.0,21277255,6383176500,https://sra-pub-run-odp.s3.amazonaws.com/sra/SRR40875152/SRR40875152,https://trace.ncbi.nlm.nih.gov/Traces/?view=run_browser&acc=SRR40875152,
14,3,Colorectal Cancer,SRR40875153,47019895.0,21524652,6457395600,https://sra-pub-run-odp.s3.amazonaws.com/sra/SRR40875153/SRR40875153,https://trace.ncbi.nlm.nih.gov/Traces/?view=run_browser&acc=SRR40875153,
15,3,Colorectal Cancer,SRR40875154,47019894.0,24949953,7484985900,https://sra-pub-run-odp.s3.amazonaws.com/sra/SRR40875154/SRR40875154,https://trace.ncbi.nlm.nih.gov/Traces/?view=run_browser&acc=SRR40875154,
16,3,Colorectal Cancer,SRR40875155,47019893.0,21686755,6506026500,https://sra-pub-run-odp.s3.amazonaws.com/sra/SRR40875155/SRR40875155,https://trace.ncbi.nlm.nih.gov/Traces/?view=run_browser&acc=SRR40875155,
17,3,Colorectal Cancer,SRR40875156,47019892.0,20194778,6058433400,https://sra-pub-run-odp.s3.amazonaws.com/sra/SRR40875156/SRR40875156,https://trace.ncbi.nlm.nih.gov/Traces/?view=run_browser&acc=SRR40875156,
18,3,Colorectal Cancer,SRR40875157,47019891.0,23533916,7060174800,https://sra-pub-run-odp.s3.amazonaws.com/sra/SRR40875157/SRR40875157,https://trace.ncbi.nlm.nih.gov/Traces/?view=run_browser&acc=SRR40875157,
19,3,Colorectal Cancer,ERR17885194,46865891.0,832753,99930360,https://sra-pub-run-odp.s3.amazonaws.com/sra/ERR17885194/ERR17885194,https://trace.ncbi.nlm.nih.gov/Traces/?view=run_browser&acc=ERR17885194,
20,3,Colorectal Cancer,ERR17884050,46865890.0,875,261751,https://sra-pub-run-odp.s3.amazonaws.com/sra/ERR17884050/ERR17884050,https://trace.ncbi.nlm.nih.gov/Traces/?view=run_browser&acc=ERR17884050,
21,3,Colorectal Cancer,ERR17885176,46865884.0,543192,65183040,https://sra-pub-run-odp.s3.amazonaws.com/sra/ERR17885176/ERR17885176,https://trace.ncbi.nlm.nih.gov/Traces/?view=run_browser&acc=ERR17885176,
22,3,Colorectal Cancer,ERR17885268,46865871.0,58012,6961440,https://sra-pub-run-odp.s3.amazonaws.com/sra/ERR17885268/ERR17885268,https://trace.ncbi.nlm.nih.gov/Traces/?view=run_browser&acc=ERR17885268,
23,3,Colorectal Cancer,ERR17885226,46865870.0,49654,5958480,https://sra-pub-run-odp.s3.amazonaws.com/sra/ERR17885226/ERR17885226,https://trace.ncbi.nlm.nih.gov/Traces/?view=run_browser&acc=ERR17885226,
24,3,Colorectal Cancer,ERR17885509,46865862.0,862117,103454040,https://sra-pub-run-odp.s3.amazonaws.com/sra/ERR17885509/ERR17885509,https://trace.ncbi.nlm.nih.gov/Traces/?view=run_browser&acc=ERR17885509,
25,3,Colorectal Cancer,ERR17885780,46865855.0,439216,52705920,https://sra-pub-run-odp.s3.amazonaws.com/sra/ERR17885780/ERR17885780,https://trace.ncbi.nlm.nih.gov/Traces/?view=run_browser&acc=ERR17885780,
26,3,Colorectal Cancer,ERR17885926,46865854.0,749876,89985120,https://sra-pub-run-odp.s3.amazonaws.com/sra/ERR17885926/ERR17885926,https://trace.ncbi.nlm.nih.gov/Traces/?view=run_browser&acc=ERR17885926,
27,3,Colorectal Cancer,ERR17885570,46865851.0,538790,64654800,https://sra-pub-run-odp.s3.amazonaws.com/sra/ERR17885570/ERR17885570,https://trace.ncbi.nlm.nih.gov/Traces/?view=run_browser&acc=ERR17885570,
28,3,Colorectal Cancer,ERR17885844,46865847.0,450097,54011640,https://sra-pub-run-odp.s3.amazonaws.com/sra/ERR17885844/ERR17885844,https://trace.ncbi.nlm.nih.gov/Traces/?view=run_browser&acc=ERR17885844,
29,3,Colorectal Cancer,ERR17883999,46865842.0,240,72076,https://sra-pub-run-odp.s3.amazonaws.com/sra/ERR17883999/ERR17883999,https://trace.ncbi.nlm.nih.gov/Traces/?view=run_browser&acc=ERR17883999,
30,3,Colorectal Cancer,ERR17885817,46865840.0,599615,71953800,https://sra-pub-run-odp.s3.amazonaws.com/sra/ERR17885817/ERR17885817,https://trace.ncbi.nlm.nih.gov/Traces/?view=run_browser&acc=ERR17885817,
31,3,Colorectal Cancer,ERR17884037,46865839.0,869213,250413420,https://sra-pub-run-odp.s3.amazonaws.com/sra/ERR17884037/ERR17884037,https://trace.ncbi.nlm.nih.gov/Traces/?view=run_browser&acc=ERR17884037,
32,3,Colorectal Cancer,ERR17885147,46865834.0,554969,66596280,https://sra-pub-run-odp.s3.amazonaws.com/sra/ERR17885147/ERR17885147,https://trace.ncbi.nlm.nih.gov/Traces/?view=run_browser&acc=ERR17885147,
33,3,Colorectal Cancer,ERR17885259,46865826.0,2157145,258857400,https://sra-pub-run-odp.s3.amazonaws.com/sra/ERR17885259/ERR17885259,https://trace.ncbi.nlm.nih.gov/Traces/?view=run_browser&acc=ERR17885259,
34,3,Colorectal Cancer,ERR17885258,46865825.0,645,77400,https://sra-pub-run-odp.s3.amazonaws.com/sra/ERR17885258/ERR17885258,https://trace.ncbi.nlm.nih.gov/Traces/?view=run_browser&acc=ERR17885258,
35,3,Colorectal Cancer,ERR17885112,46865824.0,692357,83082840,https://sra-pub-run-odp.s3.amazonaws.com/sra/ERR17885112/ERR17885112,https://trace.ncbi.nlm.nih.gov/Traces/?view=run_browser&acc=ERR17885112,
36,3,Colorectal Cancer,ERR17885135,46865822.0,14152,1698240,https://sra-pub-run-odp.s3.amazonaws.com/sra/ERR17885135/ERR17885135,https://trace.ncbi.nlm.nih.gov/Traces/?view=run_browser&acc=ERR17885135,
37,3,Colorectal Cancer,ERR17884004,46865819.0,178045,51251951,https://sra-pub-run-odp.s3.amazonaws.com/sra/ERR17884004/ERR17884004,https://trace.ncbi.nlm.nih.gov/Traces/?view=run_browser&acc=ERR17884004,
38,3,Colorectal Cancer,ERR17885620,46865810.0,833051,99966120,https://sra-pub-run-odp.s3.amazonaws.com/sra/ERR17885620/ERR17885620,https://trace.ncbi.nlm.nih.gov/Traces/?view=run_browser&acc=ERR17885620,
39,3,Colorectal Cancer,ERR17885615,46865809.0,486346,58361520,https://sra-pub-run-odp.s3.amazonaws.com/sra/ERR17885615/ERR17885615,https://trace.ncbi.nlm.nih.gov/Traces/?view=run_browser&acc=ERR17885615,
40,3,Colorectal Cancer,ERR17885441,46865806.0,1652499,198299880,https://sra-pub-run-odp.s3.amazonaws.com/sra/ERR17885441/ERR17885441,https://trace.ncbi.nlm.nih.gov/Traces/?view=run_browser&acc=ERR17885441,
41,3,Colorectal Cancer,ERR17883998,46865802.0,772,214758,https://sra-pub-run-odp.s3.amazonaws.com/sra/ERR17883998/ERR17883998,https://trace.ncbi.nlm.nih.gov/Traces/?view=run_browser&acc=ERR17883998,
42,3,Colorectal Cancer,ERR17885178,46865792.0,107976,12957120,https://sra-pub-run-odp.s3.amazonaws.com/sra/ERR17885178/ERR17885178,https://trace.ncbi.nlm.nih.gov/Traces/?view=run_browser&acc=ERR17885178,
43,3,Colorectal Cancer,ERR17885157,46865789.0,904951,108594120,https://sra-pub-run-odp.s3.amazonaws.com/sra/ERR17885157/ERR17885157,https://trace.ncbi.nlm.nih.gov/Traces/?view=run_browser&acc=ERR17885157,
44,3,Colorectal Cancer,ERR17885235,46865788.0,164759,19771080,https://sra-pub-run-odp.s3.amazonaws.com/sra/ERR17885235/ERR17885235,https://trace.ncbi.nlm.nih.gov/Traces/?view=run_browser&acc=ERR17885235,
45,3,Colorectal Cancer,ERR17884054,46865787.0,376,108486,https://sra-pub-run-odp.s3.amazonaws.com/sra/ERR17884054/ERR17884054,https://trace.ncbi.nlm.nih.gov/Traces/?view=run_browser&acc=ERR17884054,
46,3,Colorectal Cancer,ERR17885465,46865772.0,382561,45907320,https://sra-pub-run-odp.s3.amazonaws.com/sra/ERR17885465/ERR17885465,https://trace.ncbi.nlm.nih.gov/Traces/?view=run_browser&acc=ERR17885465,
47,3,Colorectal Cancer,ERR17885171,46865770.0,32683,3921960,https://sra-pub-run-odp.s3.amazonaws.com/sra/ERR17885171/ERR17885171,https://trace.ncbi.nlm.nih.gov/Traces/?view=run_browser&acc=ERR17885171,
48,3,Colorectal Cancer,ERR17885524,46865769.0,857873,102944760,https://sra-pub-run-odp.s3.amazonaws.com/sra/ERR17885524/ERR17885524,https://trace.ncbi.nlm.nih.gov/Traces/?view=run_browser&acc=ERR17885524,
49,3,Colorectal Cancer,ERR17884077,46865764.0,47,14032,https://sra-pub-run-odp.s3.amazonaws.com/sra/ERR17884077/ERR17884077,https://trace.ncbi.nlm.nih.gov/Traces/?view=run_browser&acc=ERR17884077,
50,3,Colorectal Cancer,ERR17885762,46865761.0,1308050,156966000,https://sra-pub-run-odp.s3.amazonaws.com/sra/ERR17885762/ERR17885762,https://trace.ncbi.nlm.nih.gov/Traces/?view=run_browser&acc=ERR17885762,
51,3,Colorectal Cancer,ERR17885790,46865759.0,147971,17756520,https://sra-pub-run-odp.s3.amazonaws.com/sra/ERR17885790/ERR17885790,https://trace.ncbi.nlm.nih.gov/Traces/?view=run_browser&acc=ERR17885790,
52,3,Colorectal Cancer,ERR17885847,46865758.0,21598,2591760,https://sra-pub-run-odp.s3.amazonaws.com/sra/ERR17885847/ERR17885847,https://trace.ncbi.nlm.nih.gov/Traces/?view=run_browser&acc=ERR17885847,
53,3,Colorectal Cancer,ERR17885257,46865757.0,25488,3058560,https://sra-pub-run-odp.s3.amazonaws.com/sra/ERR17885257/ERR17885257,https://trace.ncbi.nlm.nih.gov/Traces/?view=run_browser&acc=ERR17885257,
54,3,Colorectal Cancer,ERR17885124,46865749.0,551,66120,https://sra-pub-run-odp.s3.amazonaws.com/sra/ERR17885124/ERR17885124,https://trace.ncbi.nlm.nih.gov/Traces/?view=run_browser&acc=ERR17885124,
55,3,Colorectal Cancer,ERR17885940,46865734.0,1249214,149905680,https://sra-pub-run-odp.s3.amazonaws.com/sra/ERR17885940/ERR17885940,https://trace.ncbi.nlm.nih.gov/Traces/?view=run_browser&acc=ERR17885940,
56,3,Colorectal Cancer,ERR17885606,46865732.0,11241,1348920,https://sra-pub-run-odp.s3.amazonaws.com/sra/ERR17885606/ERR17885606,https://trace.ncbi.nlm.nih.gov/Traces/?view=run_browser&acc=ERR17885606,
57,3,Colorectal Cancer,ERR17885282,46865730.0,401708,48204960,https://sra-pub-run-odp.s3.amazonaws.com/sra/ERR17885282/ERR17885282,https://trace.ncbi.nlm.nih.gov/Traces/?view=run_browser&acc=ERR17885282,
58,3,Colorectal Cancer,ERR17885548,46865728.0,283106,33972720,https://sra-pub-run-odp.s3.amazonaws.com/sra/ERR17885548/ERR17885548,https://trace.ncbi.nlm.nih.gov/Traces/?view=run_browser&acc=ERR17885548,
59,3,Colorectal Cancer,ERR17885469,46865725.0,393562,47227440,https://sra-pub-run-odp.s3.amazonaws.com/sra/ERR17885469/ERR17885469,https://trace.ncbi.nlm.nih.gov/Traces/?view=run_browser&acc=ERR17885469,
60,3,Colorectal Cancer,ERR17885144,46865724.0,697715,83725800,https://sra-pub-run-odp.s3.amazonaws.com/sra/ERR17885144/ERR17885144,https://trace.ncbi.nlm.nih.gov/Traces/?view=run_browser&acc=ERR17885144,
61,3,Colorectal Cancer,ERR17885492,46865723.0,507716,60925920,https://sra-pub-run-odp.s3.amazonaws.com/sra/ERR17885492/ERR17885492,https://trace.ncbi.nlm.nih.gov/Traces/?view=run_browser&acc=ERR17885492,
62,3,Colorectal Cancer,ERR17885945,46865717.0,257957,30954840,https://sra-pub-run-odp.s3.amazonaws.com/sra/ERR17885945/ERR17885945,https://trace.ncbi.nlm.nih.gov/Traces/?view=run_browser&acc=ERR17885945,
63,3,Colorectal Cancer,ERR17885177,46865715.0,886628,106395360,https://sra-pub-run-odp.s3.amazonaws.com/sra/ERR17885177/ERR17885177,https://trace.ncbi.nlm.nih.gov/Traces/?view=run_browser&acc=ERR17885177,
64,3,Colorectal Cancer,ERR17884052,46865706.0,76350,23105883,https://sra-pub-run-odp.s3.amazonaws.com/sra/ERR17884052/ERR17884052,https://trace.ncbi.nlm.nih.gov/Traces/?view=run_browser&acc=ERR17884052,
65,3,Colorectal Cancer,ERR17885237,46865696.0,72592,8711040,https://sra-pub-run-odp.s3.amazonaws.com/sra/ERR17885237/ERR17885237,https://trace.ncbi.nlm.nih.gov/Traces/?view=run_browser&acc=ERR17885237,
66,3,Colorectal Cancer,ERR17885461,46865695.0,415626,49875120,https://sra-pub-run-odp.s3.amazonaws.com/sra/ERR17885461/ERR17885461,https://trace.ncbi.nlm.nih.gov/Traces/?view=run_browser&acc=ERR17885461,
67,3,Colorectal Cancer,ERR17885313,46865693.0,476,57120,https://sra-pub-run-odp.s3.amazonaws.com/sra/ERR17885313/ERR17885313,https://trace.ncbi.nlm.nih.gov/Traces/?view=run_browser&acc=ERR17885313,
68,3,Colorectal Cancer,ERR17885207,46865690.0,249207,29904840,https://sra-pub-run-odp.s3.amazonaws.com/sra/ERR17885207/ERR17885207,https://trace.ncbi.nlm.nih.gov/Traces/?view=run_browser&acc=ERR17885207,
69,3,Colorectal Cancer,ERR17885607,46865682.0,308899,37067880,https://sra-pub-run-odp.s3.amazonaws.com/sra/ERR17885607/ERR17885607,https://trace.ncbi.nlm.nih.gov/Traces/?view=run_browser&acc=ERR17885607,
70,3,Colorectal Cancer,ERR17884031,46865681.0,552,151201,https://sra-pub-run-odp.s3.amazonaws.com/sra/ERR17884031/ERR17884031,https://trace.ncbi.nlm.nih.gov/Traces/?view=run_browser&acc=ERR17884031,
71,3,Colorectal Cancer,ERR17885750,46865676.0,477131,57255720,https://sra-pub-run-odp.s3.amazonaws.com/sra/ERR17885750/ERR17885750,https://trace.ncbi.nlm.nih.gov/Traces/?view=run_browser&acc=ERR17885750,
72,3,Colorectal Cancer,ERR17885163,46865672.0,551,66120,https://sra-pub-run-odp.s3.amazonaws.com/sra/ERR17885163/ERR17885163,https://trace.ncbi.nlm.nih.gov/Traces/?view=run_browser&acc=ERR17885163,
73,3,Colorectal Cancer,ERR17884000,46865671.0,309,89057,https://sra-pub-run-odp.s3.amazonaws.com/sra/ERR17884000/ERR17884000,https://trace.ncbi.nlm.nih.gov/Traces/?view=run_browser&acc=ERR17884000,
74,3,Colorectal Cancer,ERR17885430,46865662.0,1807,216840,https://sra-pub-run-odp.s3.amazonaws.com/sra/ERR17885430/ERR17885430,https://trace.ncbi.nlm.nih.gov/Traces/?view=run_browser&acc=ERR17885430,
75,3,Colorectal Cancer,ERR17885580,46865657.0,325667,39080040,https://sra-pub-run-odp.s3.amazonaws.com/sra/ERR17885580/ERR17885580,https://trace.ncbi.nlm.nih.gov/Traces/?view=run_browser&acc=ERR17885580,
76,3,Colorectal Cancer,ERR17884076,46865649.0,3405,983523,https://sra-pub-run-odp.s3.amazonaws.com/sra/ERR17884076/ERR17884076,https://trace.ncbi.nlm.nih.gov/Traces/?view=run_browser&acc=ERR17884076,
77,3,Colorectal Cancer,ERR17885272,46865639.0,572483,68697960,https://sra-pub-run-odp.s3.amazonaws.com/sra/ERR17885272/ERR17885272,https://trace.ncbi.nlm.nih.gov/Traces/?view=run_browser&acc=ERR17885272,
78,3,Colorectal Cancer,ERR17885962,46865629.0,533167,63980040,https://sra-pub-run-odp.s3.amazonaws.com/sra/ERR17885962/ERR17885962,https://trace.ncbi.nlm.nih.gov/Traces/?view=run_browser&acc=ERR17885962,
79,3,Colorectal Cancer,ERR17885262,46865625.0,93083,11169960,https://sra-pub-run-odp.s3.amazonaws.com/sra/ERR17885262/ERR17885262,https://trace.ncbi.nlm.nih.gov/Traces/?view=run_browser&acc=ERR17885262,
80,3,Colorectal Cancer,ERR17883980,46865624.0,263,77737,https://sra-pub-run-odp.s3.amazonaws.com/sra/ERR17883980/ERR17883980,https://trace.ncbi.nlm.nih.gov/Traces/?view=run_browser&acc=ERR17883980,
81,3,Colorectal Cancer,ERR17885302,46865615.0,316569,37988280,https://sra-pub-run-odp.s3.amazonaws.com/sra/ERR17885302/ERR17885302,https://trace.ncbi.nlm.nih.gov/Traces/?view=run_browser&acc=ERR17885302,
82,3,Colorectal Cancer,ERR17885951,46865609.0,386894,46427280,https://sra-pub-run-odp.s3.amazonaws.com/sra/ERR17885951/ERR17885951,https://trace.ncbi.nlm.nih.gov/Traces/?view=run_browser&acc=ERR17885951,
83,3,Colorectal Cancer,ERR17885467,46865606.0,398718,47846160,https://sra-pub-run-odp.s3.amazonaws.com/sra/ERR17885467/ERR17885467,https://trace.ncbi.nlm.nih.gov/Traces/?view=run_browser&acc=ERR17885467,
84,3,Colorectal Cancer,ERR17884013,46865594.0,975,274461,https://sra-pub-run-odp.s3.amazonaws.com/sra/ERR17884013/ERR17884013,https://trace.ncbi.nlm.nih.gov/Traces/?view=run_browser&acc=ERR17884013,
85,3,Colorectal Cancer,ERR17885141,46865591.0,610331,73239720,https://sra-pub-run-odp.s3.amazonaws.com/sra/ERR17885141/ERR17885141,https://trace.ncbi.nlm.nih.gov/Traces/?view=run_browser&acc=ERR17885141,
86,3,Colorectal Cancer,ERR17885228,46865586.0,524464,62935680,https://sra-pub-run-odp.s3.amazonaws.com/sra/ERR17885228/ERR17885228,https://trace.ncbi.nlm.nih.gov/Traces/?view=run_browser&acc=ERR17885228,
87,3,Colorectal Cancer,ERR17884020,46865578.0,370,106922,https://sra-pub-run-odp.s3.amazonaws.com/sra/ERR17884020/ERR17884020,https://trace.ncbi.nlm.nih.gov/Traces/?view=run_browser&acc=ERR17884020,
88,3,Colorectal Cancer,ERR17885561,46865573.0,219694,26363280,https://sra-pub-run-odp.s3.amazonaws.com/sra/ERR17885561/ERR17885561,https://trace.ncbi.nlm.nih.gov/Traces/?view=run_browser&acc=ERR17885561,
89,3,Colorectal Cancer,ERR17885578,46865551.0,265736,31888320,https://sra-pub-run-odp.s3.amazonaws.com/sra/ERR17885578/ERR17885578,https://trace.ncbi.nlm.nih.gov/Traces/?view=run_browser&acc=ERR17885578,
90,3,Colorectal Cancer,ERR17885544,46865547.0,608399,73007880,https://sra-pub-run-odp.s3.amazonaws.com/sra/ERR17885544/ERR17885544,https://trace.ncbi.nlm.nih.gov/Traces/?view=run_browser&acc=ERR17885544,
91,3,Colorectal Cancer,ERR17885202,46865546.0,562791,67534920,https://sra-pub-run-odp.s3.amazonaws.com/sra/ERR17885202/ERR17885202,https://trace.ncbi.nlm.nih.gov/Traces/?view=run_browser&acc=ERR17885202,
92,3,Colorectal Cancer,ERR17885922,46865544.0,560921,67310520,https://sra-pub-run-odp.s3.amazonaws.com/sra/ERR17885922/ERR17885922,https://trace.ncbi.nlm.nih.gov/Traces/?view=run_browser&acc=ERR17885922,
93,3,Colorectal Cancer,ERR17885458,46865534.0,582921,69950520,https://sra-pub-run-odp.s3.amazonaws.com/sra/ERR17885458/ERR17885458,https://trace.ncbi.nlm.nih.gov/Traces/?view=run_browser&acc=ERR17885458,
94,3,Colorectal Cancer,ERR17885288,46865529.0,598228,71787360,https://sra-pub-run-odp.s3.amazonaws.com/sra/ERR17885288/ERR17885288,https://trace.ncbi.nlm.nih.gov/Traces/?view=run_browser&acc=ERR17885288,
95,3,Colorectal Cancer,ERR17885164,46865524.0,696587,83590440,https://sra-pub-run-odp.s3.amazonaws.com/sra/ERR17885164/ERR17885164,https://trace.ncbi.nlm.nih.gov/Traces/?view=run_browser&acc=ERR17885164,
96,3,Colorectal Cancer,ERR17885574,46865521.0,612425,73491000,https://sra-pub-run-odp.s3.amazonaws.com/sra/ERR17885574/ERR17885574,https://trace.ncbi.nlm.nih.gov/Traces/?view=run_browser&acc=ERR17885574,
97,3,Colorectal Cancer,ERR17885921,46865518.0,767,92040,https://sra-pub-run-odp.s3.amazonaws.com/sra/ERR17885921/ERR17885921,https://trace.ncbi.nlm.nih.gov/Traces/?view=run_browser&acc=ERR17885921,
98,3,Colorectal Cancer,ERR17885581,46865502.0,777631,93315720,https://sra-pub-run-odp.s3.amazonaws.com/sra/ERR17885581/ERR17885581,https://trace.ncbi.nlm.nih.gov/Traces/?view=run_browser&acc=ERR17885581,
99,3,Colorectal Cancer,ERR17885292,46865500.0,240159,28819080,https://sra-pub-run-odp.s3.amazonaws.com/sra/ERR17885292/ERR17885292,https://trace.ncbi.nlm.nih.gov/Traces/?view=run_browser&acc=ERR17885292,
100,3,Colorectal Cancer,ERR17885121,46865497.0,2473,296760,https://sra-pub-run-odp.s3.amazonaws.com/sra/ERR17885121/ERR17885121,https://trace.ncbi.nlm.nih.gov/Traces/?view=run_browser&acc=ERR17885121,
1,4,Prostate Cancer,SRR40793752,46899305.0,72094814,21628444200,https://sra-pub-run-odp.s3.amazonaws.com/sra/SRR40793752/SRR40793752,https://trace.ncbi.nlm.nih.gov/Traces/?view=run_browser&acc=SRR40793752,
2,4,Prostate Cancer,SRR40793753,46899304.0,91223974,27367192200,https://sra-pub-run-odp.s3.amazonaws.com/sra/SRR40793753/SRR40793753,https://trace.ncbi.nlm.nih.gov/Traces/?view=run_browser&acc=SRR40793753,
3,4,Prostate Cancer,SRR40793754,46899303.0,62056781,18617034300,https://sra-pub-run-odp.s3.amazonaws.com/sra/SRR40793754/SRR40793754,https://trace.ncbi.nlm.nih.gov/Traces/?view=run_browser&acc=SRR40793754,
4,4,Prostate Cancer,SRR40793755,46899302.0,61508112,18452433600,https://sra-pub-run-odp.s3.amazonaws.com/sra/SRR40793755/SRR40793755,https://trace.ncbi.nlm.nih.gov/Traces/?view=run_browser&acc=SRR40793755,
5,4,Prostate Cancer,SRR40793756,46899301.0,80657098,24197129400,https://sra-pub-run-odp.s3.amazonaws.com/sra/SRR40793756/SRR40793756,https://trace.ncbi.nlm.nih.gov/Traces/?view=run_browser&acc=SRR40793756,
6,4,Prostate Cancer,SRR40793757,46899300.0,36961341,11088402300,https://sra-pub-run-odp.s3.amazonaws.com/sra/SRR40793757/SRR40793757,https://trace.ncbi.nlm.nih.gov/Traces/?view=run_browser&acc=SRR40793757,
7,4,Prostate Cancer,SRR40611431,46692668.0,15817304,1597547704,https://sra-pub-run-odp.s3.amazonaws.com/sra/SRR40611431/SRR40611431,https://trace.ncbi.nlm.nih.gov/Traces/?view=run_browser&acc=SRR40611431,
8,4,Prostate Cancer,SRR40611432,46692667.0,15687745,1584462245,https://sra-pub-run-odp.s3.amazonaws.com/sra/SRR40611432/SRR40611432,https://trace.ncbi.nlm.nih.gov/Traces/?view=run_browser&acc=SRR40611432,
9,4,Prostate Cancer,SRR40611433,46692666.0,15182146,1533396746,https://sra-pub-run-odp.s3.amazonaws.com/sra/SRR40611433/SRR40611433,https://trace.ncbi.nlm.nih.gov/Traces/?view=run_browser&acc=SRR40611433,
10,4,Prostate Cancer,SRR40611434,46692665.0,15790978,1594888778,https://sra-pub-run-odp.s3.amazonaws.com/sra/SRR40611434/SRR40611434,https://trace.ncbi.nlm.nih.gov/Traces/?view=run_browser&acc=SRR40611434,
11,4,Prostate Cancer,SRR40611435,46692664.0,16845264,1701371664,https://sra-pub-run-odp.s3.amazonaws.com/sra/SRR40611435/SRR40611435,https://trace.ncbi.nlm.nih.gov/Traces/?view=run_browser&acc=SRR40611435,
12,4,Prostate Cancer,SRR40611436,46692663.0,16656957,1682352657,https://sra-pub-run-odp.s3.amazonaws.com/sra/SRR40611436/SRR40611436,https://trace.ncbi.nlm.nih.gov/Traces/?view=run_browser&acc=SRR40611436,
13,4,Prostate Cancer,SRR40611437,46692662.0,17796990,1797495990,https://sra-pub-run-odp.s3.amazonaws.com/sra/SRR40611437/SRR40611437,https://trace.ncbi.nlm.nih.gov/Traces/?view=run_browser&acc=SRR40611437,
14,4,Prostate Cancer,SRR40611438,46692661.0,13967916,1410759516,https://sra-pub-run-odp.s3.amazonaws.com/sra/SRR40611438/SRR40611438,https://trace.ncbi.nlm.nih.gov/Traces/?view=run_browser&acc=SRR40611438,
15,4,Prostate Cancer,SRR40611439,46692660.0,13747508,1388498308,https://sra-pub-run-odp.s3.amazonaws.com/sra/SRR40611439/SRR40611439,https://trace.ncbi.nlm.nih.gov/Traces/?view=run_browser&acc=SRR40611439,
16,4,Prostate Cancer,SRR40611440,46692659.0,17299211,1747220311,https://sra-pub-run-odp.s3.amazonaws.com/sra/SRR40611440/SRR40611440,https://trace.ncbi.nlm.nih.gov/Traces/?view=run_browser&acc=SRR40611440,
17,4,Prostate Cancer,SRR40611441,46692658.0,15869173,1602786473,https://sra-pub-run-odp.s3.amazonaws.com/sra/SRR40611441/SRR40611441,https://trace.ncbi.nlm.nih.gov/Traces/?view=run_browser&acc=SRR40611441,
18,4,Prostate Cancer,SRR40611442,46692657.0,12425207,1254945907,https://sra-pub-run-odp.s3.amazonaws.com/sra/SRR40611442/SRR40611442,https://trace.ncbi.nlm.nih.gov/Traces/?view=run_browser&acc=SRR40611442,
19,4,Prostate Cancer,SRR40611443,46692656.0,14583179,1472901079,https://sra-pub-run-odp.s3.amazonaws.com/sra/SRR40611443/SRR40611443,https://trace.ncbi.nlm.nih.gov/Traces/?view=run_browser&acc=SRR40611443,
20,4,Prostate Cancer,SRR40611444,46692655.0,15675530,1583228530,https://sra-pub-run-odp.s3.amazonaws.com/sra/SRR40611444/SRR40611444,https://trace.ncbi.nlm.nih.gov/Traces/?view=run_browser&acc=SRR40611444,
21,4,Prostate Cancer,SRR40611445,46692654.0,13399355,1353334855,https://sra-pub-run-odp.s3.amazonaws.com/sra/SRR40611445/SRR40611445,https://trace.ncbi.nlm.nih.gov/Traces/?view=run_browser&acc=SRR40611445,
22,4,Prostate Cancer,SRR40611446,46692653.0,15450790,1560529790,https://sra-pub-run-odp.s3.amazonaws.com/sra/SRR40611446/SRR40611446,https://trace.ncbi.nlm.nih.gov/Traces/?view=run_browser&acc=SRR40611446,
23,4,Prostate Cancer,SRR40611447,46692652.0,15541999,1569741899,https://sra-pub-run-odp.s3.amazonaws.com/sra/SRR40611447/SRR40611447,https://trace.ncbi.nlm.nih.gov/Traces/?view=run_browser&acc=SRR40611447,
24,4,Prostate Cancer,SRR40611448,46692651.0,14452822,1459735022,https://sra-pub-run-odp.s3.amazonaws.com/sra/SRR40611448/SRR40611448,https://trace.ncbi.nlm.nih.gov/Traces/?view=run_browser&acc=SRR40611448,
25,4,Prostate Cancer,SRR40611449,46692650.0,14995906,1514586506,https://sra-pub-run-odp.s3.amazonaws.com/sra/SRR40611449/SRR40611449,https://trace.ncbi.nlm.nih.gov/Traces/?view=run_browser&acc=SRR40611449,
26,4,Prostate Cancer,SRR40611450,46692649.0,15296553,1544951853,https://sra-pub-run-odp.s3.amazonaws.com/sra/SRR40611450/SRR40611450,https://trace.ncbi.nlm.nih.gov/Traces/?view=run_browser&acc=SRR40611450,
27,4,Prostate Cancer,SRR40611451,46692648.0,16055106,1621565706,https://sra-pub-run-odp.s3.amazonaws.com/sra/SRR40611451/SRR40611451,https://trace.ncbi.nlm.nih.gov/Traces/?view=run_browser&acc=SRR40611451,
28,4,Prostate Cancer,SRR40611452,46692647.0,20835536,2104389136,https://sra-pub-run-odp.s3.amazonaws.com/sra/SRR40611452/SRR40611452,https://trace.ncbi.nlm.nih.gov/Traces/?view=run_browser&acc=SRR40611452,
29,4,Prostate Cancer,SRR40611453,46692646.0,16167724,1632940124,https://sra-pub-run-odp.s3.amazonaws.com/sra/SRR40611453/SRR40611453,https://trace.ncbi.nlm.nih.gov/Traces/?view=run_browser&acc=SRR40611453,
30,4,Prostate Cancer,SRR40611454,46692645.0,20665572,2087222772,https://sra-pub-run-odp.s3.amazonaws.com/sra/SRR40611454/SRR40611454,https://trace.ncbi.nlm.nih.gov/Traces/?view=run_browser&acc=SRR40611454,
31,4,Prostate Cancer,SRR37051761,42730248.0,45143843,13633440586,https://sra-pub-run-odp.s3.amazonaws.com/sra/SRR37051761/SRR37051761,https://trace.ncbi.nlm.nih.gov/Traces/?view=run_browser&acc=SRR37051761,
32,4,Prostate Cancer,SRR37051762,42730247.0,38946315,11761787130,https://sra-pub-run-odp.s3.amazonaws.com/sra/SRR37051762/SRR37051762,https://trace.ncbi.nlm.nih.gov/Traces/?view=run_browser&acc=SRR37051762,
33,4,Prostate Cancer,SRR37051763,42730246.0,38293263,11564565426,https://sra-pub-run-odp.s3.amazonaws.com/sra/SRR37051763/SRR37051763,https://trace.ncbi.nlm.nih.gov/Traces/?view=run_browser&acc=SRR37051763,
34,4,Prostate Cancer,SRR37051764,42730245.0,31868270,9624217540,https://sra-pub-run-odp.s3.amazonaws.com/sra/SRR37051764/SRR37051764,https://trace.ncbi.nlm.nih.gov/Traces/?view=run_browser&acc=SRR37051764,
35,4,Prostate Cancer,SRR37051765,42730244.0,45805225,13833177950,https://sra-pub-run-odp.s3.amazonaws.com/sra/SRR37051765/SRR37051765,https://trace.ncbi.nlm.nih.gov/Traces/?view=run_browser&acc=SRR37051765,
36,4,Prostate Cancer,SRR37051766,42730243.0,26936149,8134716998,https://sra-pub-run-odp.s3.amazonaws.com/sra/SRR37051766/SRR37051766,https://trace.ncbi.nlm.nih.gov/Traces/?view=run_browser&acc=SRR37051766,
37,4,Prostate Cancer,SRR37051773,42730236.0,41872408,12645467216,https://sra-pub-run-odp.s3.amazonaws.com/sra/SRR37051773/SRR37051773,https://trace.ncbi.nlm.nih.gov/Traces/?view=run_browser&acc=SRR37051773,
38,4,Prostate Cancer,SRR37051774,42730235.0,53831780,16257197560,https://sra-pub-run-odp.s3.amazonaws.com/sra/SRR37051774/SRR37051774,https://trace.ncbi.nlm.nih.gov/Traces/?view=run_browser&acc=SRR37051774,
39,4,Prostate Cancer,SRR37051775,42730234.0,52492324,15852681848,https://sra-pub-run-odp.s3.amazonaws.com/sra/SRR37051775/SRR37051775,https://trace.ncbi.nlm.nih.gov/Traces/?view=run_browser&acc=SRR37051775,
40,4,Prostate Cancer,SRR37051776,42730233.0,53712919,16221301538,https://sra-pub-run-odp.s3.amazonaws.com/sra/SRR37051776/SRR37051776,https://trace.ncbi.nlm.nih.gov/Traces/?view=run_browser&acc=SRR37051776,
41,4,Prostate Cancer,SRR37051777,42730232.0,47931944,14475447088,https://sra-pub-run-odp.s3.amazonaws.com/sra/SRR37051777/SRR37051777,https://trace.ncbi.nlm.nih.gov/Traces/?view=run_browser&acc=SRR37051777,
42,4,Prostate Cancer,SRR37051778,42730231.0,41191128,12439720656,https://sra-pub-run-odp.s3.amazonaws.com/sra/SRR37051778/SRR37051778,https://trace.ncbi.nlm.nih.gov/Traces/?view=run_browser&acc=SRR37051778,
43,4,Prostate Cancer,SRR39324661,45321661.0,23159556,2315955600,https://sra-pub-run-odp.s3.amazonaws.com/sra/SRR39324661/SRR39324661,https://trace.ncbi.nlm.nih.gov/Traces/?view=run_browser&acc=SRR39324661,
44,4,Prostate Cancer,SRR38905842,44864102.0,49259261,14777778300,https://sra-pub-run-odp.s3.amazonaws.com/sra/SRR38905842/SRR38905842,https://trace.ncbi.nlm.nih.gov/Traces/?view=run_browser&acc=SRR38905842,
45,4,Prostate Cancer,SRR38905843,44864101.0,50865396,15259618800,https://sra-pub-run-odp.s3.amazonaws.com/sra/SRR38905843/SRR38905843,https://trace.ncbi.nlm.nih.gov/Traces/?view=run_browser&acc=SRR38905843,
46,4,Prostate Cancer,SRR38905844,44864100.0,57486922,17246076600,https://sra-pub-run-odp.s3.amazonaws.com/sra/SRR38905844/SRR38905844,https://trace.ncbi.nlm.nih.gov/Traces/?view=run_browser&acc=SRR38905844,
47,4,Prostate Cancer,SRR38905845,44864099.0,53568279,16070483700,https://sra-pub-run-odp.s3.amazonaws.com/sra/SRR38905845/SRR38905845,https://trace.ncbi.nlm.nih.gov/Traces/?view=run_browser&acc=SRR38905845,
48,4,Prostate Cancer,SRR38905846,44864098.0,59528900,17858670000,https://sra-pub-run-odp.s3.amazonaws.com/sra/SRR38905846/SRR38905846,https://trace.ncbi.nlm.nih.gov/Traces/?view=run_browser&acc=SRR38905846,
49,4,Prostate Cancer,SRR38905847,44864097.0,63719093,19115727900,https://sra-pub-run-odp.s3.amazonaws.com/sra/SRR38905847/SRR38905847,https://trace.ncbi.nlm.nih.gov/Traces/?view=run_browser&acc=SRR38905847,
50,4,Prostate Cancer,SRR38905848,44864096.0,58871338,17661401400,https://sra-pub-run-odp.s3.amazonaws.com/sra/SRR38905848/SRR38905848,https://trace.ncbi.nlm.nih.gov/Traces/?view=run_browser&acc=SRR38905848,
51,4,Prostate Cancer,SRR38905849,44864095.0,57465909,17239772700,https://sra-pub-run-odp.s3.amazonaws.com/sra/SRR38905849/SRR38905849,https://trace.ncbi.nlm.nih.gov/Traces/?view=run_browser&acc=SRR38905849,
52,4,Prostate Cancer,SRR38905850,44864094.0,56179473,16853841900,https://sra-pub-run-odp.s3.amazonaws.com/sra/SRR38905850/SRR38905850,https://trace.ncbi.nlm.nih.gov/Traces/?view=run_browser&acc=SRR38905850,
53,4,Prostate Cancer,SRR38905851,44864093.0,55591431,16677429300,https://sra-pub-run-odp.s3.amazonaws.com/sra/SRR38905851/SRR38905851,https://trace.ncbi.nlm.nih.gov/Traces/?view=run_browser&acc=SRR38905851,
54,4,Prostate Cancer,SRR38905852,44864092.0,53622471,16086741300,https://sra-pub-run-odp.s3.amazonaws.com/sra/SRR38905852/SRR38905852,https://trace.ncbi.nlm.nih.gov/Traces/?view=run_browser&acc=SRR38905852,
55,4,Prostate Cancer,SRR38905853,44864091.0,51676328,15502898400,https://sra-pub-run-odp.s3.amazonaws.com/sra/SRR38905853/SRR38905853,https://trace.ncbi.nlm.nih.gov/Traces/?view=run_browser&acc=SRR38905853,
56,4,Prostate Cancer,SRR38905854,44864090.0,54596971,16379091300,https://sra-pub-run-odp.s3.amazonaws.com/sra/SRR38905854/SRR38905854,https://trace.ncbi.nlm.nih.gov/Traces/?view=run_browser&acc=SRR38905854,
57,4,Prostate Cancer,SRR38905855,44864089.0,59875334,17962600200,https://sra-pub-run-odp.s3.amazonaws.com/sra/SRR38905855/SRR38905855,https://trace.ncbi.nlm.nih.gov/Traces/?view=run_browser&acc=SRR38905855,
58,4,Prostate Cancer,SRR38905856,44864088.0,73323231,21996969300,https://sra-pub-run-odp.s3.amazonaws.com/sra/SRR38905856/SRR38905856,https://trace.ncbi.nlm.nih.gov/Traces/?view=run_browser&acc=SRR38905856,
59,4,Prostate Cancer,SRR38905857,44864087.0,40188512,7934948252,https://sra-pub-run-odp.s3.amazonaws.com/sra/SRR38905857/SRR38905857,https://trace.ncbi.nlm.nih.gov/Traces/?view=run_browser&acc=SRR38905857,
60,4,Prostate Cancer,SRR38905858,44864086.0,38380308,7625824064,https://sra-pub-run-odp.s3.amazonaws.com/sra/SRR38905858/SRR38905858,https://trace.ncbi.nlm.nih.gov/Traces/?view=run_browser&acc=SRR38905858,
61,4,Prostate Cancer,SRR38905859,44864085.0,34086650,6765937520,https://sra-pub-run-odp.s3.amazonaws.com/sra/SRR38905859/SRR38905859,https://trace.ncbi.nlm.nih.gov/Traces/?view=run_browser&acc=SRR38905859,
62,4,Prostate Cancer,SRR38905860,44864084.0,37229370,7356340342,https://sra-pub-run-odp.s3.amazonaws.com/sra/SRR38905860/SRR38905860,https://trace.ncbi.nlm.nih.gov/Traces/?view=run_browser&acc=SRR38905860,
63,4,Prostate Cancer,SRR38905861,44864083.0,39659789,7856986601,https://sra-pub-run-odp.s3.amazonaws.com/sra/SRR38905861/SRR38905861,https://trace.ncbi.nlm.nih.gov/Traces/?view=run_browser&acc=SRR38905861,
64,4,Prostate Cancer,SRR38905862,44864082.0,35807774,7036897338,https://sra-pub-run-odp.s3.amazonaws.com/sra/SRR38905862/SRR38905862,https://trace.ncbi.nlm.nih.gov/Traces/?view=run_browser&acc=SRR38905862,
65,4,Prostate Cancer,SRR38905863,44864081.0,33791776,6699559996,https://sra-pub-run-odp.s3.amazonaws.com/sra/SRR38905863/SRR38905863,https://trace.ncbi.nlm.nih.gov/Traces/?view=run_browser&acc=SRR38905863,
66,4,Prostate Cancer,SRR38905864,44864080.0,32914194,6463054848,https://sra-pub-run-odp.s3.amazonaws.com/sra/SRR38905864/SRR38905864,https://trace.ncbi.nlm.nih.gov/Traces/?view=run_browser&acc=SRR38905864,
67,4,Prostate Cancer,SRR38905865,44864079.0,37479756,7449944575,https://sra-pub-run-odp.s3.amazonaws.com/sra/SRR38905865/SRR38905865,https://trace.ncbi.nlm.nih.gov/Traces/?view=run_browser&acc=SRR38905865,
68,4,Prostate Cancer,SRR36101838,41593891.0,31367533,5977602563,https://sra-pub-run-odp.s3.amazonaws.com/sra/SRR36101838/SRR36101838,https://trace.ncbi.nlm.nih.gov/Traces/?view=run_browser&acc=SRR36101838,
69,4,Prostate Cancer,SRR36101839,41593890.0,38272692,6929561387,https://sra-pub-run-odp.s3.amazonaws.com/sra/SRR36101839/SRR36101839,https://trace.ncbi.nlm.nih.gov/Traces/?view=run_browser&acc=SRR36101839,
70,4,Prostate Cancer,SRR36101840,41593889.0,30170687,5811854383,https://sra-pub-run-odp.s3.amazonaws.com/sra/SRR36101840/SRR36101840,https://trace.ncbi.nlm.nih.gov/Traces/?view=run_browser&acc=SRR36101840,
71,4,Prostate Cancer,SRR36101841,41593888.0,28506697,5329420292,https://sra-pub-run-odp.s3.amazonaws.com/sra/SRR36101841/SRR36101841,https://trace.ncbi.nlm.nih.gov/Traces/?view=run_browser&acc=SRR36101841,
72,4,Prostate Cancer,SRR36101842,41593887.0,30820661,5868882911,https://sra-pub-run-odp.s3.amazonaws.com/sra/SRR36101842/SRR36101842,https://trace.ncbi.nlm.nih.gov/Traces/?view=run_browser&acc=SRR36101842,
73,4,Prostate Cancer,SRR36101843,41593886.0,26432566,5070122211,https://sra-pub-run-odp.s3.amazonaws.com/sra/SRR36101843/SRR36101843,https://trace.ncbi.nlm.nih.gov/Traces/?view=run_browser&acc=SRR36101843,
74,4,Prostate Cancer,SRR36101844,41593885.0,31563564,6143617879,https://sra-pub-run-odp.s3.amazonaws.com/sra/SRR36101844/SRR36101844,https://trace.ncbi.nlm.nih.gov/Traces/?view=run_browser&acc=SRR36101844,
75,4,Prostate Cancer,SRR36101845,41593884.0,32320809,6205819937,https://sra-pub-run-odp.s3.amazonaws.com/sra/SRR36101845/SRR36101845,https://trace.ncbi.nlm.nih.gov/Traces/?view=run_browser&acc=SRR36101845,
76,4,Prostate Cancer,SRR34858802,40074086.0,9712245,2214391860,https://sra-pub-run-odp.s3.amazonaws.com/sra/SRR34858802/SRR34858802,https://trace.ncbi.nlm.nih.gov/Traces/?view=run_browser&acc=SRR34858802,
77,4,Prostate Cancer,SRR34858803,40074085.0,10930902,2492245656,https://sra-pub-run-odp.s3.amazonaws.com/sra/SRR34858803/SRR34858803,https://trace.ncbi.nlm.nih.gov/Traces/?view=run_browser&acc=SRR34858803,
78,4,Prostate Cancer,SRR34858804,40074084.0,17999686,4103928408,https://sra-pub-run-odp.s3.amazonaws.com/sra/SRR34858804/SRR34858804,https://trace.ncbi.nlm.nih.gov/Traces/?view=run_browser&acc=SRR34858804,
79,4,Prostate Cancer,SRR34858805,40074083.0,13408623,3057166044,https://sra-pub-run-odp.s3.amazonaws.com/sra/SRR34858805/SRR34858805,https://trace.ncbi.nlm.nih.gov/Traces/?view=run_browser&acc=SRR34858805,
80,4,Prostate Cancer,SRR34858806,40074082.0,20259119,4619079132,https://sra-pub-run-odp.s3.amazonaws.com/sra/SRR34858806/SRR34858806,https://trace.ncbi.nlm.nih.gov/Traces/?view=run_browser&acc=SRR34858806,
81,4,Prostate Cancer,SRR40233636,46276153.0,4589765,1376929500,https://sra-pub-run-odp.s3.amazonaws.com/sra/SRR40233636/SRR40233636,https://trace.ncbi.nlm.nih.gov/Traces/?view=run_browser&acc=SRR40233636,
82,4,Prostate Cancer,SRR40233637,46276152.0,4540343,1362102900,https://sra-pub-run-odp.s3.amazonaws.com/sra/SRR40233637/SRR40233637,https://trace.ncbi.nlm.nih.gov/Traces/?view=run_browser&acc=SRR40233637,
83,4,Prostate Cancer,SRR40233638,46276151.0,5207836,1562350800,https://sra-pub-run-odp.s3.amazonaws.com/sra/SRR40233638/SRR40233638,https://trace.ncbi.nlm.nih.gov/Traces/?view=run_browser&acc=SRR40233638,
84,4,Prostate Cancer,SRR39730300,45762146.0,464278529,59427651712,https://sra-pub-run-odp.s3.amazonaws.com/sra/SRR39730300/SRR39730300,https://trace.ncbi.nlm.nih.gov/Traces/?view=run_browser&acc=SRR39730300,
85,4,Prostate Cancer,SRR39730301,45762145.0,434097200,55564441600,https://sra-pub-run-odp.s3.amazonaws.com/sra/SRR39730301/SRR39730301,https://trace.ncbi.nlm.nih.gov/Traces/?view=run_browser&acc=SRR39730301,
86,4,Prostate Cancer,SRR39730305,45762144.0,344727190,44125080320,https://sra-pub-run-odp.s3.amazonaws.com/sra/SRR39730305/SRR39730305,https://trace.ncbi.nlm.nih.gov/Traces/?view=run_browser&acc=SRR39730305,
87,4,Prostate Cancer,SRR39730302,45762143.0,615666509,78805313152,https://sra-pub-run-odp.s3.amazonaws.com/sra/SRR39730302/SRR39730302,https://trace.ncbi.nlm.nih.gov/Traces/?view=run_browser&acc=SRR39730302,
88,4,Prostate Cancer,SRR39730303,45762142.0,564763394,71160187644,https://sra-pub-run-odp.s3.amazonaws.com/sra/SRR39730303/SRR39730303,https://trace.ncbi.nlm.nih.gov/Traces/?view=run_browser&acc=SRR39730303,
89,4,Prostate Cancer,SRR39730304,45762141.0,613906887,78580081536,https://sra-pub-run-odp.s3.amazonaws.com/sra/SRR39730304/SRR39730304,https://trace.ncbi.nlm.nih.gov/Traces/?view=run_browser&acc=SRR39730304,
90,4,Prostate Cancer,SRR39730306,45762140.0,480171691,60501633066,https://sra-pub-run-odp.s3.amazonaws.com/sra/SRR39730306/SRR39730306,https://trace.ncbi.nlm.nih.gov/Traces/?view=run_browser&acc=SRR39730306,
91,4,Prostate Cancer,SRR39730307,45762139.0,619311502,79271872256,https://sra-pub-run-odp.s3.amazonaws.com/sra/SRR39730307/SRR39730307,https://trace.ncbi.nlm.nih.gov/Traces/?view=run_browser&acc=SRR39730307,
92,4,Prostate Cancer,SRR39730308,45762138.0,639378284,81840420352,https://sra-pub-run-odp.s3.amazonaws.com/sra/SRR39730308/SRR39730308,https://trace.ncbi.nlm.nih.gov/Traces/?view=run_browser&acc=SRR39730308,
93,4,Prostate Cancer,SRR39730309,45762137.0,539834381,68019132006,https://sra-pub-run-odp.s3.amazonaws.com/sra/SRR39730309/SRR39730309,https://trace.ncbi.nlm.nih.gov/Traces/?view=run_browser&acc=SRR39730309,
94,4,Prostate Cancer,SRR40095752,46140568.0,20631302,6189390600,https://sra-pub-run-odp.s3.amazonaws.com/sra/SRR40095752/SRR40095752,https://trace.ncbi.nlm.nih.gov/Traces/?view=run_browser&acc=SRR40095752,
95,4,Prostate Cancer,SRR40095753,46140567.0,20798216,6239464800,https://sra-pub-run-odp.s3.amazonaws.com/sra/SRR40095753/SRR40095753,https://trace.ncbi.nlm.nih.gov/Traces/?view=run_browser&acc=SRR40095753,
96,4,Prostate Cancer,SRR40095754,46140566.0,21229988,6368996400,https://sra-pub-run-odp.s3.amazonaws.com/sra/SRR40095754/SRR40095754,https://trace.ncbi.nlm.nih.gov/Traces/?view=run_browser&acc=SRR40095754,
97,4,Prostate Cancer,SRR40095755,46140565.0,19626019,5887805700,https://sra-pub-run-odp.s3.amazonaws.com/sra/SRR40095755/SRR40095755,https://trace.ncbi.nlm.nih.gov/Traces/?view=run_browser&acc=SRR40095755,
98,4,Prostate Cancer,SRR40095756,46140564.0,21620223,6486066900,https://sra-pub-run-odp.s3.amazonaws.com/sra/SRR40095756/SRR40095756,https://trace.ncbi.nlm.nih.gov/Traces/?view=run_browser&acc=SRR40095756,
99,4,Prostate Cancer,SRR40095757,46140563.0,21667896,6500368800,https://sra-pub-run-odp.s3.amazonaws.com/sra/SRR40095757/SRR40095757,https://trace.ncbi.nlm.nih.gov/Traces/?view=run_browser&acc=SRR40095757,
100,4,Prostate Cancer,SRR40095758,46140562.0,23091223,6927366900,https://sra-pub-run-odp.s3.amazonaws.com/sra/SRR40095758/SRR40095758,https://trace.ncbi.nlm.nih.gov/Traces/?view=run_browser&acc=SRR40095758,
1,5,Stomach (Gastric) Cancer,SRR40896633,47047067.0,62372109,18711632700,https://sra-pub-run-odp.s3.amazonaws.com/sra/SRR40896633/SRR40896633,https://trace.ncbi.nlm.nih.gov/Traces/?view=run_browser&acc=SRR40896633,
2,5,Stomach (Gastric) Cancer,SRR40896634,47047066.0,17436897,5231069100,https://sra-pub-run-odp.s3.amazonaws.com/sra/SRR40896634/SRR40896634,https://trace.ncbi.nlm.nih.gov/Traces/?view=run_browser&acc=SRR40896634,
3,5,Stomach (Gastric) Cancer,SRR40896630,47047070.0,11830869,3549260700,https://sra-pub-run-odp.s3.amazonaws.com/sra/SRR40896630/SRR40896630,https://trace.ncbi.nlm.nih.gov/Traces/?view=run_browser&acc=SRR40896630,
4,5,Stomach (Gastric) Cancer,SRR40896631,47047069.0,24825816,7447744800,https://sra-pub-run-odp.s3.amazonaws.com/sra/SRR40896631/SRR40896631,https://trace.ncbi.nlm.nih.gov/Traces/?view=run_browser&acc=SRR40896631,
5,5,Stomach (Gastric) Cancer,SRR40896632,47047068.0,13572712,4071813600,https://sra-pub-run-odp.s3.amazonaws.com/sra/SRR40896632/SRR40896632,https://trace.ncbi.nlm.nih.gov/Traces/?view=run_browser&acc=SRR40896632,
6,5,Stomach (Gastric) Cancer,SRR40896635,47047065.0,22424792,6727437600,https://sra-pub-run-odp.s3.amazonaws.com/sra/SRR40896635/SRR40896635,https://trace.ncbi.nlm.nih.gov/Traces/?view=run_browser&acc=SRR40896635,
7,5,Stomach (Gastric) Cancer,SRR40896636,47047064.0,17316011,5194803300,https://sra-pub-run-odp.s3.amazonaws.com/sra/SRR40896636/SRR40896636,https://trace.ncbi.nlm.nih.gov/Traces/?view=run_browser&acc=SRR40896636,
8,5,Stomach (Gastric) Cancer,SRR40896637,47047063.0,29419892,8825967600,https://sra-pub-run-odp.s3.amazonaws.com/sra/SRR40896637/SRR40896637,https://trace.ncbi.nlm.nih.gov/Traces/?view=run_browser&acc=SRR40896637,
9,5,Stomach (Gastric) Cancer,SRR40896638,47047062.0,14973943,4492182900,https://sra-pub-run-odp.s3.amazonaws.com/sra/SRR40896638/SRR40896638,https://trace.ncbi.nlm.nih.gov/Traces/?view=run_browser&acc=SRR40896638,
10,5,Stomach (Gastric) Cancer,SRR40896639,47047061.0,48410936,14523280800,https://sra-pub-run-odp.s3.amazonaws.com/sra/SRR40896639/SRR40896639,https://trace.ncbi.nlm.nih.gov/Traces/?view=run_browser&acc=SRR40896639,
11,5,Stomach (Gastric) Cancer,SRR40835797,46946071.0,27180499,8154149700,https://sra-pub-run-odp.s3.amazonaws.com/sra/SRR40835797/SRR40835797,https://trace.ncbi.nlm.nih.gov/Traces/?view=run_browser&acc=SRR40835797,
12,5,Stomach (Gastric) Cancer,SRR40835798,46946070.0,31076570,9322971000,https://sra-pub-run-odp.s3.amazonaws.com/sra/SRR40835798/SRR40835798,https://trace.ncbi.nlm.nih.gov/Traces/?view=run_browser&acc=SRR40835798,
13,5,Stomach (Gastric) Cancer,SRR40806660,46911637.0,23090307,6973272714,https://sra-pub-run-odp.s3.amazonaws.com/sra/SRR40806660/SRR40806660,https://trace.ncbi.nlm.nih.gov/Traces/?view=run_browser&acc=SRR40806660,
14,5,Stomach (Gastric) Cancer,SRR40806661,46911636.0,23718731,7163056762,https://sra-pub-run-odp.s3.amazonaws.com/sra/SRR40806661/SRR40806661,https://trace.ncbi.nlm.nih.gov/Traces/?view=run_browser&acc=SRR40806661,
15,5,Stomach (Gastric) Cancer,SRR40806662,46911635.0,20756664,6268512528,https://sra-pub-run-odp.s3.amazonaws.com/sra/SRR40806662/SRR40806662,https://trace.ncbi.nlm.nih.gov/Traces/?view=run_browser&acc=SRR40806662,
16,5,Stomach (Gastric) Cancer,SRR40806663,46911634.0,21320080,6438664160,https://sra-pub-run-odp.s3.amazonaws.com/sra/SRR40806663/SRR40806663,https://trace.ncbi.nlm.nih.gov/Traces/?view=run_browser&acc=SRR40806663,
17,5,Stomach (Gastric) Cancer,SRR40806664,46911633.0,23201170,7006753340,https://sra-pub-run-odp.s3.amazonaws.com/sra/SRR40806664/SRR40806664,https://trace.ncbi.nlm.nih.gov/Traces/?view=run_browser&acc=SRR40806664,
18,5,Stomach (Gastric) Cancer,SRR40806665,46911632.0,25284961,7636058222,https://sra-pub-run-odp.s3.amazonaws.com/sra/SRR40806665/SRR40806665,https://trace.ncbi.nlm.nih.gov/Traces/?view=run_browser&acc=SRR40806665,
19,5,Stomach (Gastric) Cancer,SRR40698374,46791835.0,23037944,6911383200,https://sra-pub-run-odp.s3.amazonaws.com/sra/SRR40698374/SRR40698374,https://trace.ncbi.nlm.nih.gov/Traces/?view=run_browser&acc=SRR40698374,
20,5,Stomach (Gastric) Cancer,SRR40698375,46791834.0,25521459,7656437700,https://sra-pub-run-odp.s3.amazonaws.com/sra/SRR40698375/SRR40698375,https://trace.ncbi.nlm.nih.gov/Traces/?view=run_browser&acc=SRR40698375,
21,5,Stomach (Gastric) Cancer,SRR40698376,46791833.0,22240144,6672043200,https://sra-pub-run-odp.s3.amazonaws.com/sra/SRR40698376/SRR40698376,https://trace.ncbi.nlm.nih.gov/Traces/?view=run_browser&acc=SRR40698376,
22,5,Stomach (Gastric) Cancer,SRR40698377,46791832.0,21363151,6408945300,https://sra-pub-run-odp.s3.amazonaws.com/sra/SRR40698377/SRR40698377,https://trace.ncbi.nlm.nih.gov/Traces/?view=run_browser&acc=SRR40698377,
23,5,Stomach (Gastric) Cancer,SRR40698378,46791831.0,23736457,7120937100,https://sra-pub-run-odp.s3.amazonaws.com/sra/SRR40698378/SRR40698378,https://trace.ncbi.nlm.nih.gov/Traces/?view=run_browser&acc=SRR40698378,
24,5,Stomach (Gastric) Cancer,SRR40698379,46791830.0,23095618,6928685400,https://sra-pub-run-odp.s3.amazonaws.com/sra/SRR40698379/SRR40698379,https://trace.ncbi.nlm.nih.gov/Traces/?view=run_browser&acc=SRR40698379,
25,5,Stomach (Gastric) Cancer,SRR40698380,46791829.0,20272450,6081735000,https://sra-pub-run-odp.s3.amazonaws.com/sra/SRR40698380/SRR40698380,https://trace.ncbi.nlm.nih.gov/Traces/?view=run_browser&acc=SRR40698380,
26,5,Stomach (Gastric) Cancer,SRR40698381,46791828.0,23639446,7091833800,https://sra-pub-run-odp.s3.amazonaws.com/sra/SRR40698381/SRR40698381,https://trace.ncbi.nlm.nih.gov/Traces/?view=run_browser&acc=SRR40698381,
27,5,Stomach (Gastric) Cancer,SRR40694654,46788097.0,14645514,4422945228,https://sra-pub-run-odp.s3.amazonaws.com/sra/SRR40694654/SRR40694654,https://trace.ncbi.nlm.nih.gov/Traces/?view=run_browser&acc=SRR40694654,
28,5,Stomach (Gastric) Cancer,SRR40694507,46787854.0,11334995,3423168490,https://sra-pub-run-odp.s3.amazonaws.com/sra/SRR40694507/SRR40694507,https://trace.ncbi.nlm.nih.gov/Traces/?view=run_browser&acc=SRR40694507,
29,5,Stomach (Gastric) Cancer,SRR40694281,46787627.0,7284906,2200041612,https://sra-pub-run-odp.s3.amazonaws.com/sra/SRR40694281/SRR40694281,https://trace.ncbi.nlm.nih.gov/Traces/?view=run_browser&acc=SRR40694281,
30,5,Stomach (Gastric) Cancer,SRR40692893,46786230.0,11202724,3383222648,https://sra-pub-run-odp.s3.amazonaws.com/sra/SRR40692893/SRR40692893,https://trace.ncbi.nlm.nih.gov/Traces/?view=run_browser&acc=SRR40692893,
31,5,Stomach (Gastric) Cancer,SRR40681505,46777793.0,10922277,3298527654,https://sra-pub-run-odp.s3.amazonaws.com/sra/SRR40681505/SRR40681505,https://trace.ncbi.nlm.nih.gov/Traces/?view=run_browser&acc=SRR40681505,
32,5,Stomach (Gastric) Cancer,SRR40671052,46767807.0,8049214,2430862628,https://sra-pub-run-odp.s3.amazonaws.com/sra/SRR40671052/SRR40671052,https://trace.ncbi.nlm.nih.gov/Traces/?view=run_browser&acc=SRR40671052,
33,5,Stomach (Gastric) Cancer,SRR40668082,46762633.0,7481950,2259548900,https://sra-pub-run-odp.s3.amazonaws.com/sra/SRR40668082/SRR40668082,https://trace.ncbi.nlm.nih.gov/Traces/?view=run_browser&acc=SRR40668082,
34,5,Stomach (Gastric) Cancer,SRR40644966,46739592.0,9968386,3010452572,https://sra-pub-run-odp.s3.amazonaws.com/sra/SRR40644966/SRR40644966,https://trace.ncbi.nlm.nih.gov/Traces/?view=run_browser&acc=SRR40644966,
35,5,Stomach (Gastric) Cancer,SRR40644329,46738956.0,7486184,2260827568,https://sra-pub-run-odp.s3.amazonaws.com/sra/SRR40644329/SRR40644329,https://trace.ncbi.nlm.nih.gov/Traces/?view=run_browser&acc=SRR40644329,
36,5,Stomach (Gastric) Cancer,SRR40644330,46738955.0,3467235,1047104970,https://sra-pub-run-odp.s3.amazonaws.com/sra/SRR40644330/SRR40644330,https://trace.ncbi.nlm.nih.gov/Traces/?view=run_browser&acc=SRR40644330,
37,5,Stomach (Gastric) Cancer,SRR40639326,46733166.0,2040016,616084832,https://sra-pub-run-odp.s3.amazonaws.com/sra/SRR40639326/SRR40639326,https://trace.ncbi.nlm.nih.gov/Traces/?view=run_browser&acc=SRR40639326,
38,5,Stomach (Gastric) Cancer,SRR40639327,46733165.0,8598537,2596758174,https://sra-pub-run-odp.s3.amazonaws.com/sra/SRR40639327/SRR40639327,https://trace.ncbi.nlm.nih.gov/Traces/?view=run_browser&acc=SRR40639327,
39,5,Stomach (Gastric) Cancer,SRR40639328,46733164.0,4059128,1225856656,https://sra-pub-run-odp.s3.amazonaws.com/sra/SRR40639328/SRR40639328,https://trace.ncbi.nlm.nih.gov/Traces/?view=run_browser&acc=SRR40639328,
40,5,Stomach (Gastric) Cancer,ERR17754140,46638777.0,514112420,66834614600,https://sra-pub-run-odp.s3.amazonaws.com/sra/ERR17754140/ERR17754140,https://trace.ncbi.nlm.nih.gov/Traces/?view=run_browser&acc=ERR17754140,
41,5,Stomach (Gastric) Cancer,ERR17754160,46637705.0,479261504,62303995520,https://sra-pub-run-odp.s3.amazonaws.com/sra/ERR17754160/ERR17754160,https://trace.ncbi.nlm.nih.gov/Traces/?view=run_browser&acc=ERR17754160,
42,5,Stomach (Gastric) Cancer,ERR17754155,46637581.0,147804046,19214525980,https://sra-pub-run-odp.s3.amazonaws.com/sra/ERR17754155/ERR17754155,https://trace.ncbi.nlm.nih.gov/Traces/?view=run_browser&acc=ERR17754155,
43,5,Stomach (Gastric) Cancer,ERR17754161,46637171.0,569932909,74091278170,https://sra-pub-run-odp.s3.amazonaws.com/sra/ERR17754161/ERR17754161,https://trace.ncbi.nlm.nih.gov/Traces/?view=run_browser&acc=ERR17754161,
44,5,Stomach (Gastric) Cancer,ERR17754125,46637156.0,76172284,9902396920,https://sra-pub-run-odp.s3.amazonaws.com/sra/ERR17754125/ERR17754125,https://trace.ncbi.nlm.nih.gov/Traces/?view=run_browser&acc=ERR17754125,
45,5,Stomach (Gastric) Cancer,ERR17754150,46637101.0,54284814,7057025820,https://sra-pub-run-odp.s3.amazonaws.com/sra/ERR17754150/ERR17754150,https://trace.ncbi.nlm.nih.gov/Traces/?view=run_browser&acc=ERR17754150,
46,5,Stomach (Gastric) Cancer,ERR17754126,46636922.0,565913048,73568696240,https://sra-pub-run-odp.s3.amazonaws.com/sra/ERR17754126/ERR17754126,https://trace.ncbi.nlm.nih.gov/Traces/?view=run_browser&acc=ERR17754126,
47,5,Stomach (Gastric) Cancer,ERR17754142,46636645.0,488327099,63482522870,https://sra-pub-run-odp.s3.amazonaws.com/sra/ERR17754142/ERR17754142,https://trace.ncbi.nlm.nih.gov/Traces/?view=run_browser&acc=ERR17754142,
48,5,Stomach (Gastric) Cancer,ERR17754130,46636595.0,93735329,12185592770,https://sra-pub-run-odp.s3.amazonaws.com/sra/ERR17754130/ERR17754130,https://trace.ncbi.nlm.nih.gov/Traces/?view=run_browser&acc=ERR17754130,
49,5,Stomach (Gastric) Cancer,ERR17754159,46636551.0,66881976,8694656880,https://sra-pub-run-odp.s3.amazonaws.com/sra/ERR17754159/ERR17754159,https://trace.ncbi.nlm.nih.gov/Traces/?view=run_browser&acc=ERR17754159,
50,5,Stomach (Gastric) Cancer,ERR17754141,46636004.0,66373798,8628593740,https://sra-pub-run-odp.s3.amazonaws.com/sra/ERR17754141/ERR17754141,https://trace.ncbi.nlm.nih.gov/Traces/?view=run_browser&acc=ERR17754141,
51,5,Stomach (Gastric) Cancer,ERR17754143,46634913.0,478696537,62230549810,https://sra-pub-run-odp.s3.amazonaws.com/sra/ERR17754143/ERR17754143,https://trace.ncbi.nlm.nih.gov/Traces/?view=run_browser&acc=ERR17754143,
52,5,Stomach (Gastric) Cancer,ERR17754137,46634874.0,57283851,7446900630,https://sra-pub-run-odp.s3.amazonaws.com/sra/ERR17754137/ERR17754137,https://trace.ncbi.nlm.nih.gov/Traces/?view=run_browser&acc=ERR17754137,
53,5,Stomach (Gastric) Cancer,ERR17754147,46634442.0,504536626,65589761380,https://sra-pub-run-odp.s3.amazonaws.com/sra/ERR17754147/ERR17754147,https://trace.ncbi.nlm.nih.gov/Traces/?view=run_browser&acc=ERR17754147,
54,5,Stomach (Gastric) Cancer,ERR17754158,46634089.0,61429166,7985791580,https://sra-pub-run-odp.s3.amazonaws.com/sra/ERR17754158/ERR17754158,https://trace.ncbi.nlm.nih.gov/Traces/?view=run_browser&acc=ERR17754158,
55,5,Stomach (Gastric) Cancer,ERR17754162,46631506.0,545603986,70928518180,https://sra-pub-run-odp.s3.amazonaws.com/sra/ERR17754162/ERR17754162,https://trace.ncbi.nlm.nih.gov/Traces/?view=run_browser&acc=ERR17754162,
56,5,Stomach (Gastric) Cancer,ERR17754163,46631390.0,535852269,69660794970,https://sra-pub-run-odp.s3.amazonaws.com/sra/ERR17754163/ERR17754163,https://trace.ncbi.nlm.nih.gov/Traces/?view=run_browser&acc=ERR17754163,
57,5,Stomach (Gastric) Cancer,ERR17754152,46631380.0,492581616,64035610080,https://sra-pub-run-odp.s3.amazonaws.com/sra/ERR17754152/ERR17754152,https://trace.ncbi.nlm.nih.gov/Traces/?view=run_browser&acc=ERR17754152,
58,5,Stomach (Gastric) Cancer,ERR17754156,46631264.0,78892505,10256025650,https://sra-pub-run-odp.s3.amazonaws.com/sra/ERR17754156/ERR17754156,https://trace.ncbi.nlm.nih.gov/Traces/?view=run_browser&acc=ERR17754156,
59,5,Stomach (Gastric) Cancer,ERR17754145,46630645.0,52937925,6881930250,https://sra-pub-run-odp.s3.amazonaws.com/sra/ERR17754145/ERR17754145,https://trace.ncbi.nlm.nih.gov/Traces/?view=run_browser&acc=ERR17754145,
60,5,Stomach (Gastric) Cancer,ERR17754138,46630613.0,67879918,8824389340,https://sra-pub-run-odp.s3.amazonaws.com/sra/ERR17754138/ERR17754138,https://trace.ncbi.nlm.nih.gov/Traces/?view=run_browser&acc=ERR17754138,
61,5,Stomach (Gastric) Cancer,ERR17754139,46630490.0,58535304,7609589520,https://sra-pub-run-odp.s3.amazonaws.com/sra/ERR17754139/ERR17754139,https://trace.ncbi.nlm.nih.gov/Traces/?view=run_browser&acc=ERR17754139,
62,5,Stomach (Gastric) Cancer,ERR17754153,46630020.0,53231018,6920032340,https://sra-pub-run-odp.s3.amazonaws.com/sra/ERR17754153/ERR17754153,https://trace.ncbi.nlm.nih.gov/Traces/?view=run_browser&acc=ERR17754153,
63,5,Stomach (Gastric) Cancer,ERR17754131,46629962.0,79998643,10399823590,https://sra-pub-run-odp.s3.amazonaws.com/sra/ERR17754131/ERR17754131,https://trace.ncbi.nlm.nih.gov/Traces/?view=run_browser&acc=ERR17754131,
64,5,Stomach (Gastric) Cancer,ERR17754128,46629946.0,571628828,74311747640,https://sra-pub-run-odp.s3.amazonaws.com/sra/ERR17754128/ERR17754128,https://trace.ncbi.nlm.nih.gov/Traces/?view=run_browser&acc=ERR17754128,
65,5,Stomach (Gastric) Cancer,ERR17754154,46642961.0,540861987,70312058310,https://sra-pub-run-odp.s3.amazonaws.com/sra/ERR17754154/ERR17754154,https://trace.ncbi.nlm.nih.gov/Traces/?view=run_browser&acc=ERR17754154,
66,5,Stomach (Gastric) Cancer,ERR17754127,46642758.0,497059274,64617705620,https://sra-pub-run-odp.s3.amazonaws.com/sra/ERR17754127/ERR17754127,https://trace.ncbi.nlm.nih.gov/Traces/?view=run_browser&acc=ERR17754127,
67,5,Stomach (Gastric) Cancer,ERR17754151,46642685.0,71541248,9300362240,https://sra-pub-run-odp.s3.amazonaws.com/sra/ERR17754151/ERR17754151,https://trace.ncbi.nlm.nih.gov/Traces/?view=run_browser&acc=ERR17754151,
68,5,Stomach (Gastric) Cancer,ERR17754149,46642393.0,50702330,6591302900,https://sra-pub-run-odp.s3.amazonaws.com/sra/ERR17754149/ERR17754149,https://trace.ncbi.nlm.nih.gov/Traces/?view=run_browser&acc=ERR17754149,
69,5,Stomach (Gastric) Cancer,ERR17754135,46642379.0,507159711,65930762430,https://sra-pub-run-odp.s3.amazonaws.com/sra/ERR17754135/ERR17754135,https://trace.ncbi.nlm.nih.gov/Traces/?view=run_browser&acc=ERR17754135,
70,5,Stomach (Gastric) Cancer,ERR17754132,46642143.0,499791845,64972939850,https://sra-pub-run-odp.s3.amazonaws.com/sra/ERR17754132/ERR17754132,https://trace.ncbi.nlm.nih.gov/Traces/?view=run_browser&acc=ERR17754132,
71,5,Stomach (Gastric) Cancer,ERR17754136,46642093.0,537867060,69922717800,https://sra-pub-run-odp.s3.amazonaws.com/sra/ERR17754136/ERR17754136,https://trace.ncbi.nlm.nih.gov/Traces/?view=run_browser&acc=ERR17754136,
72,5,Stomach (Gastric) Cancer,ERR17754134,46641770.0,58400709,7592092170,https://sra-pub-run-odp.s3.amazonaws.com/sra/ERR17754134/ERR17754134,https://trace.ncbi.nlm.nih.gov/Traces/?view=run_browser&acc=ERR17754134,
73,5,Stomach (Gastric) Cancer,ERR17754148,46641709.0,68567656,8913795280,https://sra-pub-run-odp.s3.amazonaws.com/sra/ERR17754148/ERR17754148,https://trace.ncbi.nlm.nih.gov/Traces/?view=run_browser&acc=ERR17754148,
74,5,Stomach (Gastric) Cancer,ERR17754129,46641416.0,66752353,8677805890,https://sra-pub-run-odp.s3.amazonaws.com/sra/ERR17754129/ERR17754129,https://trace.ncbi.nlm.nih.gov/Traces/?view=run_browser&acc=ERR17754129,
75,5,Stomach (Gastric) Cancer,ERR17754164,46641156.0,540557888,70272525440,https://sra-pub-run-odp.s3.amazonaws.com/sra/ERR17754164/ERR17754164,https://trace.ncbi.nlm.nih.gov/Traces/?view=run_browser&acc=ERR17754164,
76,5,Stomach (Gastric) Cancer,ERR17754157,46641080.0,496964524,64605388120,https://sra-pub-run-odp.s3.amazonaws.com/sra/ERR17754157/ERR17754157,https://trace.ncbi.nlm.nih.gov/Traces/?view=run_browser&acc=ERR17754157,
77,5,Stomach (Gastric) Cancer,ERR17754144,46640734.0,580867000,75512710000,https://sra-pub-run-odp.s3.amazonaws.com/sra/ERR17754144/ERR17754144,https://trace.ncbi.nlm.nih.gov/Traces/?view=run_browser&acc=ERR17754144,
78,5,Stomach (Gastric) Cancer,ERR17754146,46640701.0,51430585,6685976050,https://sra-pub-run-odp.s3.amazonaws.com/sra/ERR17754146/ERR17754146,https://trace.ncbi.nlm.nih.gov/Traces/?view=run_browser&acc=ERR17754146,
79,5,Stomach (Gastric) Cancer,ERR17754133,46640678.0,495314965,64390945450,https://sra-pub-run-odp.s3.amazonaws.com/sra/ERR17754133/ERR17754133,https://trace.ncbi.nlm.nih.gov/Traces/?view=run_browser&acc=ERR17754133,
80,5,Stomach (Gastric) Cancer,SRR40343461,46405376.0,10946588,279865242,https://sra-pub-run-odp.s3.amazonaws.com/sra/SRR40343461/SRR40343461,https://trace.ncbi.nlm.nih.gov/Traces/?view=run_browser&acc=SRR40343461,
81,5,Stomach (Gastric) Cancer,SRR40343462,46405375.0,10140726,314488195,https://sra-pub-run-odp.s3.amazonaws.com/sra/SRR40343462/SRR40343462,https://trace.ncbi.nlm.nih.gov/Traces/?view=run_browser&acc=SRR40343462,
82,5,Stomach (Gastric) Cancer,SRR40343463,46405374.0,12797322,367424833,https://sra-pub-run-odp.s3.amazonaws.com/sra/SRR40343463/SRR40343463,https://trace.ncbi.nlm.nih.gov/Traces/?view=run_browser&acc=SRR40343463,
83,5,Stomach (Gastric) Cancer,SRR40343464,46405373.0,10949426,323443808,https://sra-pub-run-odp.s3.amazonaws.com/sra/SRR40343464/SRR40343464,https://trace.ncbi.nlm.nih.gov/Traces/?view=run_browser&acc=SRR40343464,
84,5,Stomach (Gastric) Cancer,SRR40343465,46405372.0,10749626,282604961,https://sra-pub-run-odp.s3.amazonaws.com/sra/SRR40343465/SRR40343465,https://trace.ncbi.nlm.nih.gov/Traces/?view=run_browser&acc=SRR40343465,
85,5,Stomach (Gastric) Cancer,SRR40343466,46405371.0,7457147,193771967,https://sra-pub-run-odp.s3.amazonaws.com/sra/SRR40343466/SRR40343466,https://trace.ncbi.nlm.nih.gov/Traces/?view=run_browser&acc=SRR40343466,
86,5,Stomach (Gastric) Cancer,SRR40343467,46405370.0,8658991,244861933,https://sra-pub-run-odp.s3.amazonaws.com/sra/SRR40343467/SRR40343467,https://trace.ncbi.nlm.nih.gov/Traces/?view=run_browser&acc=SRR40343467,
87,5,Stomach (Gastric) Cancer,SRR40343468,46405369.0,9810365,280173625,https://sra-pub-run-odp.s3.amazonaws.com/sra/SRR40343468/SRR40343468,https://trace.ncbi.nlm.nih.gov/Traces/?view=run_browser&acc=SRR40343468,
88,5,Stomach (Gastric) Cancer,SRR40343469,46405368.0,10314965,291206280,https://sra-pub-run-odp.s3.amazonaws.com/sra/SRR40343469/SRR40343469,https://trace.ncbi.nlm.nih.gov/Traces/?view=run_browser&acc=SRR40343469,
89,5,Stomach (Gastric) Cancer,SRR40343470,46405367.0,7908528,207168931,https://sra-pub-run-odp.s3.amazonaws.com/sra/SRR40343470/SRR40343470,https://trace.ncbi.nlm.nih.gov/Traces/?view=run_browser&acc=SRR40343470,
90,5,Stomach (Gastric) Cancer,SRR40343471,46405366.0,12178183,357034590,https://sra-pub-run-odp.s3.amazonaws.com/sra/SRR40343471/SRR40343471,https://trace.ncbi.nlm.nih.gov/Traces/?view=run_browser&acc=SRR40343471,
91,5,Stomach (Gastric) Cancer,SRR40316678,46372820.0,21028260,6350534520,https://sra-pub-run-odp.s3.amazonaws.com/sra/SRR40316678/SRR40316678,https://trace.ncbi.nlm.nih.gov/Traces/?view=run_browser&acc=SRR40316678,
92,5,Stomach (Gastric) Cancer,SRR40316679,46372819.0,21741026,6565789852,https://sra-pub-run-odp.s3.amazonaws.com/sra/SRR40316679/SRR40316679,https://trace.ncbi.nlm.nih.gov/Traces/?view=run_browser&acc=SRR40316679,
93,5,Stomach (Gastric) Cancer,SRR40316680,46372818.0,18409715,5559733930,https://sra-pub-run-odp.s3.amazonaws.com/sra/SRR40316680/SRR40316680,https://trace.ncbi.nlm.nih.gov/Traces/?view=run_browser&acc=SRR40316680,
94,5,Stomach (Gastric) Cancer,SRR40316681,46372817.0,21228732,6411077064,https://sra-pub-run-odp.s3.amazonaws.com/sra/SRR40316681/SRR40316681,https://trace.ncbi.nlm.nih.gov/Traces/?view=run_browser&acc=SRR40316681,
95,5,Stomach (Gastric) Cancer,SRR40316682,46372816.0,20251645,6115996790,https://sra-pub-run-odp.s3.amazonaws.com/sra/SRR40316682/SRR40316682,https://trace.ncbi.nlm.nih.gov/Traces/?view=run_browser&acc=SRR40316682,
96,5,Stomach (Gastric) Cancer,SRR40316683,46372815.0,20229033,6109167966,https://sra-pub-run-odp.s3.amazonaws.com/sra/SRR40316683/SRR40316683,https://trace.ncbi.nlm.nih.gov/Traces/?view=run_browser&acc=SRR40316683,
97,5,Stomach (Gastric) Cancer,SRR40316684,46372814.0,21810451,6586756202,https://sra-pub-run-odp.s3.amazonaws.com/sra/SRR40316684/SRR40316684,https://trace.ncbi.nlm.nih.gov/Traces/?view=run_browser&acc=SRR40316684,
98,5,Stomach (Gastric) Cancer,SRR40316685,46372813.0,23559455,7114955410,https://sra-pub-run-odp.s3.amazonaws.com/sra/SRR40316685/SRR40316685,https://trace.ncbi.nlm.nih.gov/Traces/?view=run_browser&acc=SRR40316685,
99,5,Stomach (Gastric) Cancer,SRR40309258,46365519.0,66145968,13361485536,https://sra-pub-run-odp.s3.amazonaws.com/sra/SRR40309258/SRR40309258,https://trace.ncbi.nlm.nih.gov/Traces/?view=run_browser&acc=SRR40309258,
100,5,Stomach (Gastric) Cancer,SRR40309259,46365518.0,53548452,10816787304,https://sra-pub-run-odp.s3.amazonaws.com/sra/SRR40309259/SRR40309259,https://trace.ncbi.nlm.nih.gov/Traces/?view=run_browser&acc=SRR40309259,
1,6,Thyroid Cancer,SRR40913789,47068855.0,23921519,7176455700,https://sra-pub-run-odp.s3.amazonaws.com/sra/SRR40913789/SRR40913789,https://trace.ncbi.nlm.nih.gov/Traces/?view=run_browser&acc=SRR40913789,
2,6,Thyroid Cancer,SRR40913790,47068854.0,22272939,6681881700,https://sra-pub-run-odp.s3.amazonaws.com/sra/SRR40913790/SRR40913790,https://trace.ncbi.nlm.nih.gov/Traces/?view=run_browser&acc=SRR40913790,
3,6,Thyroid Cancer,SRR40443885,46505817.0,2065297,591089069,https://sra-pub-run-odp.s3.amazonaws.com/sra/SRR40443885/SRR40443885,https://trace.ncbi.nlm.nih.gov/Traces/?view=run_browser&acc=SRR40443885,
4,6,Thyroid Cancer,SRR40443886,46505816.0,1529608,432731730,https://sra-pub-run-odp.s3.amazonaws.com/sra/SRR40443886/SRR40443886,https://trace.ncbi.nlm.nih.gov/Traces/?view=run_browser&acc=SRR40443886,
5,6,Thyroid Cancer,SRR40443887,46505815.0,1722247,477325739,https://sra-pub-run-odp.s3.amazonaws.com/sra/SRR40443887/SRR40443887,https://trace.ncbi.nlm.nih.gov/Traces/?view=run_browser&acc=SRR40443887,
6,6,Thyroid Cancer,SRR40443888,46505814.0,1275989,362509182,https://sra-pub-run-odp.s3.amazonaws.com/sra/SRR40443888/SRR40443888,https://trace.ncbi.nlm.nih.gov/Traces/?view=run_browser&acc=SRR40443888,
7,6,Thyroid Cancer,SRR40443889,46505813.0,1706312,479383105,https://sra-pub-run-odp.s3.amazonaws.com/sra/SRR40443889/SRR40443889,https://trace.ncbi.nlm.nih.gov/Traces/?view=run_browser&acc=SRR40443889,
8,6,Thyroid Cancer,SRR40443890,46505812.0,1931774,531511244,https://sra-pub-run-odp.s3.amazonaws.com/sra/SRR40443890/SRR40443890,https://trace.ncbi.nlm.nih.gov/Traces/?view=run_browser&acc=SRR40443890,
9,6,Thyroid Cancer,SRR40443891,46505811.0,2783893,744491480,https://sra-pub-run-odp.s3.amazonaws.com/sra/SRR40443891/SRR40443891,https://trace.ncbi.nlm.nih.gov/Traces/?view=run_browser&acc=SRR40443891,
10,6,Thyroid Cancer,SRR40443892,46505810.0,2722676,764972290,https://sra-pub-run-odp.s3.amazonaws.com/sra/SRR40443892/SRR40443892,https://trace.ncbi.nlm.nih.gov/Traces/?view=run_browser&acc=SRR40443892,
11,6,Thyroid Cancer,SRR40443893,46505809.0,1240123,348060117,https://sra-pub-run-odp.s3.amazonaws.com/sra/SRR40443893/SRR40443893,https://trace.ncbi.nlm.nih.gov/Traces/?view=run_browser&acc=SRR40443893,
12,6,Thyroid Cancer,SRR40443894,46505808.0,3227726,904188391,https://sra-pub-run-odp.s3.amazonaws.com/sra/SRR40443894/SRR40443894,https://trace.ncbi.nlm.nih.gov/Traces/?view=run_browser&acc=SRR40443894,
13,6,Thyroid Cancer,SRR40443895,46505807.0,2121909,596581653,https://sra-pub-run-odp.s3.amazonaws.com/sra/SRR40443895/SRR40443895,https://trace.ncbi.nlm.nih.gov/Traces/?view=run_browser&acc=SRR40443895,
14,6,Thyroid Cancer,SRR40443896,46505806.0,2181211,612094977,https://sra-pub-run-odp.s3.amazonaws.com/sra/SRR40443896/SRR40443896,https://trace.ncbi.nlm.nih.gov/Traces/?view=run_browser&acc=SRR40443896,
15,6,Thyroid Cancer,SRR40443897,46505805.0,5995573,1678820858,https://sra-pub-run-odp.s3.amazonaws.com/sra/SRR40443897/SRR40443897,https://trace.ncbi.nlm.nih.gov/Traces/?view=run_browser&acc=SRR40443897,
16,6,Thyroid Cancer,SRR40443898,46505804.0,1617147,455288556,https://sra-pub-run-odp.s3.amazonaws.com/sra/SRR40443898/SRR40443898,https://trace.ncbi.nlm.nih.gov/Traces/?view=run_browser&acc=SRR40443898,
17,6,Thyroid Cancer,SRR40443899,46505803.0,1753867,493451489,https://sra-pub-run-odp.s3.amazonaws.com/sra/SRR40443899/SRR40443899,https://trace.ncbi.nlm.nih.gov/Traces/?view=run_browser&acc=SRR40443899,
18,6,Thyroid Cancer,SRR40443900,46505802.0,1723766,484410110,https://sra-pub-run-odp.s3.amazonaws.com/sra/SRR40443900/SRR40443900,https://trace.ncbi.nlm.nih.gov/Traces/?view=run_browser&acc=SRR40443900,
19,6,Thyroid Cancer,SRR40443901,46505801.0,3786028,1067305235,https://sra-pub-run-odp.s3.amazonaws.com/sra/SRR40443901/SRR40443901,https://trace.ncbi.nlm.nih.gov/Traces/?view=run_browser&acc=SRR40443901,
20,6,Thyroid Cancer,SRR40443902,46505800.0,3978084,1105407820,https://sra-pub-run-odp.s3.amazonaws.com/sra/SRR40443902/SRR40443902,https://trace.ncbi.nlm.nih.gov/Traces/?view=run_browser&acc=SRR40443902,
21,6,Thyroid Cancer,SRR40443903,46505799.0,1828271,511912910,https://sra-pub-run-odp.s3.amazonaws.com/sra/SRR40443903/SRR40443903,https://trace.ncbi.nlm.nih.gov/Traces/?view=run_browser&acc=SRR40443903,
22,6,Thyroid Cancer,SRR40443904,46505798.0,1945660,530924113,https://sra-pub-run-odp.s3.amazonaws.com/sra/SRR40443904/SRR40443904,https://trace.ncbi.nlm.nih.gov/Traces/?view=run_browser&acc=SRR40443904,
23,6,Thyroid Cancer,SRR40443905,46505797.0,2477365,698675516,https://sra-pub-run-odp.s3.amazonaws.com/sra/SRR40443905/SRR40443905,https://trace.ncbi.nlm.nih.gov/Traces/?view=run_browser&acc=SRR40443905,
24,6,Thyroid Cancer,SRR40443906,46505796.0,5415475,1539099903,https://sra-pub-run-odp.s3.amazonaws.com/sra/SRR40443906/SRR40443906,https://trace.ncbi.nlm.nih.gov/Traces/?view=run_browser&acc=SRR40443906,
25,6,Thyroid Cancer,SRR40443907,46505795.0,2075024,584158437,https://sra-pub-run-odp.s3.amazonaws.com/sra/SRR40443907/SRR40443907,https://trace.ncbi.nlm.nih.gov/Traces/?view=run_browser&acc=SRR40443907,
26,6,Thyroid Cancer,SRR40443908,46505794.0,1518583,410115744,https://sra-pub-run-odp.s3.amazonaws.com/sra/SRR40443908/SRR40443908,https://trace.ncbi.nlm.nih.gov/Traces/?view=run_browser&acc=SRR40443908,
27,6,Thyroid Cancer,SRR40443909,46505793.0,1953720,542618402,https://sra-pub-run-odp.s3.amazonaws.com/sra/SRR40443909/SRR40443909,https://trace.ncbi.nlm.nih.gov/Traces/?view=run_browser&acc=SRR40443909,
28,6,Thyroid Cancer,SRR40443910,46505792.0,1589139,443417265,https://sra-pub-run-odp.s3.amazonaws.com/sra/SRR40443910/SRR40443910,https://trace.ncbi.nlm.nih.gov/Traces/?view=run_browser&acc=SRR40443910,
29,6,Thyroid Cancer,SRR40443911,46505791.0,2835113,784239531,https://sra-pub-run-odp.s3.amazonaws.com/sra/SRR40443911/SRR40443911,https://trace.ncbi.nlm.nih.gov/Traces/?view=run_browser&acc=SRR40443911,
30,6,Thyroid Cancer,SRR40443912,46505790.0,1538786,424664318,https://sra-pub-run-odp.s3.amazonaws.com/sra/SRR40443912/SRR40443912,https://trace.ncbi.nlm.nih.gov/Traces/?view=run_browser&acc=SRR40443912,
31,6,Thyroid Cancer,SRR40443913,46505789.0,1918022,530483994,https://sra-pub-run-odp.s3.amazonaws.com/sra/SRR40443913/SRR40443913,https://trace.ncbi.nlm.nih.gov/Traces/?view=run_browser&acc=SRR40443913,
32,6,Thyroid Cancer,SRR40443914,46505788.0,2191971,609525559,https://sra-pub-run-odp.s3.amazonaws.com/sra/SRR40443914/SRR40443914,https://trace.ncbi.nlm.nih.gov/Traces/?view=run_browser&acc=SRR40443914,
33,6,Thyroid Cancer,SRR40443915,46505787.0,4796144,1358110122,https://sra-pub-run-odp.s3.amazonaws.com/sra/SRR40443915/SRR40443915,https://trace.ncbi.nlm.nih.gov/Traces/?view=run_browser&acc=SRR40443915,
34,6,Thyroid Cancer,SRR40443916,46505786.0,1664980,463306123,https://sra-pub-run-odp.s3.amazonaws.com/sra/SRR40443916/SRR40443916,https://trace.ncbi.nlm.nih.gov/Traces/?view=run_browser&acc=SRR40443916,
35,6,Thyroid Cancer,SRR40443917,46505785.0,4931739,1365576082,https://sra-pub-run-odp.s3.amazonaws.com/sra/SRR40443917/SRR40443917,https://trace.ncbi.nlm.nih.gov/Traces/?view=run_browser&acc=SRR40443917,
36,6,Thyroid Cancer,SRR40443918,46505784.0,2518393,704427211,https://sra-pub-run-odp.s3.amazonaws.com/sra/SRR40443918/SRR40443918,https://trace.ncbi.nlm.nih.gov/Traces/?view=run_browser&acc=SRR40443918,
37,6,Thyroid Cancer,SRR40443919,46505783.0,2191440,610109151,https://sra-pub-run-odp.s3.amazonaws.com/sra/SRR40443919/SRR40443919,https://trace.ncbi.nlm.nih.gov/Traces/?view=run_browser&acc=SRR40443919,
38,6,Thyroid Cancer,SRR40443920,46505782.0,1736334,479349569,https://sra-pub-run-odp.s3.amazonaws.com/sra/SRR40443920/SRR40443920,https://trace.ncbi.nlm.nih.gov/Traces/?view=run_browser&acc=SRR40443920,
39,6,Thyroid Cancer,SRR40443921,46505781.0,2092114,592517494,https://sra-pub-run-odp.s3.amazonaws.com/sra/SRR40443921/SRR40443921,https://trace.ncbi.nlm.nih.gov/Traces/?view=run_browser&acc=SRR40443921,
40,6,Thyroid Cancer,SRR40443922,46505780.0,8759922,2459991424,https://sra-pub-run-odp.s3.amazonaws.com/sra/SRR40443922/SRR40443922,https://trace.ncbi.nlm.nih.gov/Traces/?view=run_browser&acc=SRR40443922,
41,6,Thyroid Cancer,SRR40443923,46505779.0,2209442,602407274,https://sra-pub-run-odp.s3.amazonaws.com/sra/SRR40443923/SRR40443923,https://trace.ncbi.nlm.nih.gov/Traces/?view=run_browser&acc=SRR40443923,
42,6,Thyroid Cancer,SRR40443924,46505778.0,1948194,551019874,https://sra-pub-run-odp.s3.amazonaws.com/sra/SRR40443924/SRR40443924,https://trace.ncbi.nlm.nih.gov/Traces/?view=run_browser&acc=SRR40443924,
43,6,Thyroid Cancer,SRR40443925,46505777.0,2181050,614432677,https://sra-pub-run-odp.s3.amazonaws.com/sra/SRR40443925/SRR40443925,https://trace.ncbi.nlm.nih.gov/Traces/?view=run_browser&acc=SRR40443925,
44,6,Thyroid Cancer,SRR40443926,46505776.0,395656,110192967,https://sra-pub-run-odp.s3.amazonaws.com/sra/SRR40443926/SRR40443926,https://trace.ncbi.nlm.nih.gov/Traces/?view=run_browser&acc=SRR40443926,
45,6,Thyroid Cancer,SRR40443927,46505775.0,1845196,523314928,https://sra-pub-run-odp.s3.amazonaws.com/sra/SRR40443927/SRR40443927,https://trace.ncbi.nlm.nih.gov/Traces/?view=run_browser&acc=SRR40443927,
46,6,Thyroid Cancer,SRR40443928,46505774.0,1739680,493009610,https://sra-pub-run-odp.s3.amazonaws.com/sra/SRR40443928/SRR40443928,https://trace.ncbi.nlm.nih.gov/Traces/?view=run_browser&acc=SRR40443928,
47,6,Thyroid Cancer,SRR40443929,46505773.0,1828662,514867597,https://sra-pub-run-odp.s3.amazonaws.com/sra/SRR40443929/SRR40443929,https://trace.ncbi.nlm.nih.gov/Traces/?view=run_browser&acc=SRR40443929,
48,6,Thyroid Cancer,SRR40443930,46505772.0,1665764,470948397,https://sra-pub-run-odp.s3.amazonaws.com/sra/SRR40443930/SRR40443930,https://trace.ncbi.nlm.nih.gov/Traces/?view=run_browser&acc=SRR40443930,
49,6,Thyroid Cancer,SRR40443931,46505771.0,2003129,558631426,https://sra-pub-run-odp.s3.amazonaws.com/sra/SRR40443931/SRR40443931,https://trace.ncbi.nlm.nih.gov/Traces/?view=run_browser&acc=SRR40443931,
50,6,Thyroid Cancer,SRR40443932,46505770.0,1025675,285294247,https://sra-pub-run-odp.s3.amazonaws.com/sra/SRR40443932/SRR40443932,https://trace.ncbi.nlm.nih.gov/Traces/?view=run_browser&acc=SRR40443932,
51,6,Thyroid Cancer,SRR40443933,46505769.0,2212539,612021352,https://sra-pub-run-odp.s3.amazonaws.com/sra/SRR40443933/SRR40443933,https://trace.ncbi.nlm.nih.gov/Traces/?view=run_browser&acc=SRR40443933,
52,6,Thyroid Cancer,SRR40443934,46505768.0,1431776,403849099,https://sra-pub-run-odp.s3.amazonaws.com/sra/SRR40443934/SRR40443934,https://trace.ncbi.nlm.nih.gov/Traces/?view=run_browser&acc=SRR40443934,
53,6,Thyroid Cancer,SRR40443935,46505767.0,2219558,614387496,https://sra-pub-run-odp.s3.amazonaws.com/sra/SRR40443935/SRR40443935,https://trace.ncbi.nlm.nih.gov/Traces/?view=run_browser&acc=SRR40443935,
54,6,Thyroid Cancer,SRR40443936,46505766.0,2235202,629762028,https://sra-pub-run-odp.s3.amazonaws.com/sra/SRR40443936/SRR40443936,https://trace.ncbi.nlm.nih.gov/Traces/?view=run_browser&acc=SRR40443936,
55,6,Thyroid Cancer,SRR40443937,46505765.0,3563060,988925157,https://sra-pub-run-odp.s3.amazonaws.com/sra/SRR40443937/SRR40443937,https://trace.ncbi.nlm.nih.gov/Traces/?view=run_browser&acc=SRR40443937,
56,6,Thyroid Cancer,SRR40443938,46505764.0,1604491,447927268,https://sra-pub-run-odp.s3.amazonaws.com/sra/SRR40443938/SRR40443938,https://trace.ncbi.nlm.nih.gov/Traces/?view=run_browser&acc=SRR40443938,
57,6,Thyroid Cancer,SRR40443939,46505763.0,2230591,615574396,https://sra-pub-run-odp.s3.amazonaws.com/sra/SRR40443939/SRR40443939,https://trace.ncbi.nlm.nih.gov/Traces/?view=run_browser&acc=SRR40443939,
58,6,Thyroid Cancer,SRR40443940,46505762.0,3566402,997704644,https://sra-pub-run-odp.s3.amazonaws.com/sra/SRR40443940/SRR40443940,https://trace.ncbi.nlm.nih.gov/Traces/?view=run_browser&acc=SRR40443940,
59,6,Thyroid Cancer,SRR40443941,46505761.0,1914083,534308445,https://sra-pub-run-odp.s3.amazonaws.com/sra/SRR40443941/SRR40443941,https://trace.ncbi.nlm.nih.gov/Traces/?view=run_browser&acc=SRR40443941,
60,6,Thyroid Cancer,SRR40443942,46505760.0,1913965,528717223,https://sra-pub-run-odp.s3.amazonaws.com/sra/SRR40443942/SRR40443942,https://trace.ncbi.nlm.nih.gov/Traces/?view=run_browser&acc=SRR40443942,
61,6,Thyroid Cancer,SRR40443943,46505759.0,1440591,397299353,https://sra-pub-run-odp.s3.amazonaws.com/sra/SRR40443943/SRR40443943,https://trace.ncbi.nlm.nih.gov/Traces/?view=run_browser&acc=SRR40443943,
62,6,Thyroid Cancer,SRR40443944,46505758.0,2003269,557197223,https://sra-pub-run-odp.s3.amazonaws.com/sra/SRR40443944/SRR40443944,https://trace.ncbi.nlm.nih.gov/Traces/?view=run_browser&acc=SRR40443944,
63,6,Thyroid Cancer,SRR40443945,46505757.0,2008628,558871624,https://sra-pub-run-odp.s3.amazonaws.com/sra/SRR40443945/SRR40443945,https://trace.ncbi.nlm.nih.gov/Traces/?view=run_browser&acc=SRR40443945,
64,6,Thyroid Cancer,SRR40443946,46505756.0,2048885,572407941,https://sra-pub-run-odp.s3.amazonaws.com/sra/SRR40443946/SRR40443946,https://trace.ncbi.nlm.nih.gov/Traces/?view=run_browser&acc=SRR40443946,
65,6,Thyroid Cancer,SRR40443947,46505755.0,1459340,414760765,https://sra-pub-run-odp.s3.amazonaws.com/sra/SRR40443947/SRR40443947,https://trace.ncbi.nlm.nih.gov/Traces/?view=run_browser&acc=SRR40443947,
66,6,Thyroid Cancer,SRR40443948,46505754.0,4859741,1358383062,https://sra-pub-run-odp.s3.amazonaws.com/sra/SRR40443948/SRR40443948,https://trace.ncbi.nlm.nih.gov/Traces/?view=run_browser&acc=SRR40443948,
67,6,Thyroid Cancer,SRR40443949,46505753.0,1897003,537288516,https://sra-pub-run-odp.s3.amazonaws.com/sra/SRR40443949/SRR40443949,https://trace.ncbi.nlm.nih.gov/Traces/?view=run_browser&acc=SRR40443949,
68,6,Thyroid Cancer,SRR40443950,46505752.0,2171817,587341305,https://sra-pub-run-odp.s3.amazonaws.com/sra/SRR40443950/SRR40443950,https://trace.ncbi.nlm.nih.gov/Traces/?view=run_browser&acc=SRR40443950,
69,6,Thyroid Cancer,SRR40443951,46505751.0,2130470,595619675,https://sra-pub-run-odp.s3.amazonaws.com/sra/SRR40443951/SRR40443951,https://trace.ncbi.nlm.nih.gov/Traces/?view=run_browser&acc=SRR40443951,
70,6,Thyroid Cancer,SRR40443952,46505750.0,1867807,517282939,https://sra-pub-run-odp.s3.amazonaws.com/sra/SRR40443952/SRR40443952,https://trace.ncbi.nlm.nih.gov/Traces/?view=run_browser&acc=SRR40443952,
71,6,Thyroid Cancer,SRR40443953,46505749.0,1521191,432059113,https://sra-pub-run-odp.s3.amazonaws.com/sra/SRR40443953/SRR40443953,https://trace.ncbi.nlm.nih.gov/Traces/?view=run_browser&acc=SRR40443953,
72,6,Thyroid Cancer,SRR40443954,46505748.0,2224269,600054195,https://sra-pub-run-odp.s3.amazonaws.com/sra/SRR40443954/SRR40443954,https://trace.ncbi.nlm.nih.gov/Traces/?view=run_browser&acc=SRR40443954,
73,6,Thyroid Cancer,SRR40443955,46505747.0,1721660,482468357,https://sra-pub-run-odp.s3.amazonaws.com/sra/SRR40443955/SRR40443955,https://trace.ncbi.nlm.nih.gov/Traces/?view=run_browser&acc=SRR40443955,
74,6,Thyroid Cancer,SRR40443956,46505746.0,2187828,610416412,https://sra-pub-run-odp.s3.amazonaws.com/sra/SRR40443956/SRR40443956,https://trace.ncbi.nlm.nih.gov/Traces/?view=run_browser&acc=SRR40443956,
75,6,Thyroid Cancer,SRR40443957,46505745.0,1713877,470042484,https://sra-pub-run-odp.s3.amazonaws.com/sra/SRR40443957/SRR40443957,https://trace.ncbi.nlm.nih.gov/Traces/?view=run_browser&acc=SRR40443957,
76,6,Thyroid Cancer,SRR40443958,46505744.0,4008900,1111502311,https://sra-pub-run-odp.s3.amazonaws.com/sra/SRR40443958/SRR40443958,https://trace.ncbi.nlm.nih.gov/Traces/?view=run_browser&acc=SRR40443958,
77,6,Thyroid Cancer,SRR40443959,46505743.0,1638039,448772159,https://sra-pub-run-odp.s3.amazonaws.com/sra/SRR40443959/SRR40443959,https://trace.ncbi.nlm.nih.gov/Traces/?view=run_browser&acc=SRR40443959,
78,6,Thyroid Cancer,SRR40443960,46505742.0,944087,263765608,https://sra-pub-run-odp.s3.amazonaws.com/sra/SRR40443960/SRR40443960,https://trace.ncbi.nlm.nih.gov/Traces/?view=run_browser&acc=SRR40443960,
79,6,Thyroid Cancer,SRR40443961,46505741.0,1387898,384881350,https://sra-pub-run-odp.s3.amazonaws.com/sra/SRR40443961/SRR40443961,https://trace.ncbi.nlm.nih.gov/Traces/?view=run_browser&acc=SRR40443961,
80,6,Thyroid Cancer,SRR40443962,46505740.0,2866487,773051853,https://sra-pub-run-odp.s3.amazonaws.com/sra/SRR40443962/SRR40443962,https://trace.ncbi.nlm.nih.gov/Traces/?view=run_browser&acc=SRR40443962,
81,6,Thyroid Cancer,SRR40443963,46505739.0,2402874,681686675,https://sra-pub-run-odp.s3.amazonaws.com/sra/SRR40443963/SRR40443963,https://trace.ncbi.nlm.nih.gov/Traces/?view=run_browser&acc=SRR40443963,
82,6,Thyroid Cancer,SRR40443964,46505738.0,1680450,458928622,https://sra-pub-run-odp.s3.amazonaws.com/sra/SRR40443964/SRR40443964,https://trace.ncbi.nlm.nih.gov/Traces/?view=run_browser&acc=SRR40443964,
83,6,Thyroid Cancer,SRR40443965,46505737.0,3056883,836804777,https://sra-pub-run-odp.s3.amazonaws.com/sra/SRR40443965/SRR40443965,https://trace.ncbi.nlm.nih.gov/Traces/?view=run_browser&acc=SRR40443965,
84,6,Thyroid Cancer,SRR40443966,46505736.0,2037690,567990393,https://sra-pub-run-odp.s3.amazonaws.com/sra/SRR40443966/SRR40443966,https://trace.ncbi.nlm.nih.gov/Traces/?view=run_browser&acc=SRR40443966,
85,6,Thyroid Cancer,SRR40443967,46505735.0,1483373,405637354,https://sra-pub-run-odp.s3.amazonaws.com/sra/SRR40443967/SRR40443967,https://trace.ncbi.nlm.nih.gov/Traces/?view=run_browser&acc=SRR40443967,
86,6,Thyroid Cancer,SRR40443968,46505734.0,2516342,707440263,https://sra-pub-run-odp.s3.amazonaws.com/sra/SRR40443968/SRR40443968,https://trace.ncbi.nlm.nih.gov/Traces/?view=run_browser&acc=SRR40443968,
87,6,Thyroid Cancer,SRR40443969,46505733.0,1678954,460450648,https://sra-pub-run-odp.s3.amazonaws.com/sra/SRR40443969/SRR40443969,https://trace.ncbi.nlm.nih.gov/Traces/?view=run_browser&acc=SRR40443969,
88,6,Thyroid Cancer,SRR40443970,46505732.0,1499326,420755966,https://sra-pub-run-odp.s3.amazonaws.com/sra/SRR40443970/SRR40443970,https://trace.ncbi.nlm.nih.gov/Traces/?view=run_browser&acc=SRR40443970,
89,6,Thyroid Cancer,SRR40443971,46505731.0,1726520,491112336,https://sra-pub-run-odp.s3.amazonaws.com/sra/SRR40443971/SRR40443971,https://trace.ncbi.nlm.nih.gov/Traces/?view=run_browser&acc=SRR40443971,
90,6,Thyroid Cancer,SRR40443972,46505730.0,1702441,474138670,https://sra-pub-run-odp.s3.amazonaws.com/sra/SRR40443972/SRR40443972,https://trace.ncbi.nlm.nih.gov/Traces/?view=run_browser&acc=SRR40443972,
91,6,Thyroid Cancer,SRR40443973,46505729.0,1678162,463287556,https://sra-pub-run-odp.s3.amazonaws.com/sra/SRR40443973/SRR40443973,https://trace.ncbi.nlm.nih.gov/Traces/?view=run_browser&acc=SRR40443973,
92,6,Thyroid Cancer,SRR40443974,46505728.0,1507858,426456402,https://sra-pub-run-odp.s3.amazonaws.com/sra/SRR40443974/SRR40443974,https://trace.ncbi.nlm.nih.gov/Traces/?view=run_browser&acc=SRR40443974,
93,6,Thyroid Cancer,SRR40443975,46505727.0,1480847,412085482,https://sra-pub-run-odp.s3.amazonaws.com/sra/SRR40443975/SRR40443975,https://trace.ncbi.nlm.nih.gov/Traces/?view=run_browser&acc=SRR40443975,
94,6,Thyroid Cancer,SRR40443976,46505726.0,1758746,485668398,https://sra-pub-run-odp.s3.amazonaws.com/sra/SRR40443976/SRR40443976,https://trace.ncbi.nlm.nih.gov/Traces/?view=run_browser&acc=SRR40443976,
95,6,Thyroid Cancer,SRR40443977,46505725.0,3057357,861260769,https://sra-pub-run-odp.s3.amazonaws.com/sra/SRR40443977/SRR40443977,https://trace.ncbi.nlm.nih.gov/Traces/?view=run_browser&acc=SRR40443977,
96,6,Thyroid Cancer,SRR40443978,46505724.0,1855362,518093818,https://sra-pub-run-odp.s3.amazonaws.com/sra/SRR40443978/SRR40443978,https://trace.ncbi.nlm.nih.gov/Traces/?view=run_browser&acc=SRR40443978,
97,6,Thyroid Cancer,SRR40443979,46505723.0,4666396,1301230649,https://sra-pub-run-odp.s3.amazonaws.com/sra/SRR40443979/SRR40443979,https://trace.ncbi.nlm.nih.gov/Traces/?view=run_browser&acc=SRR40443979,
98,6,Thyroid Cancer,SRR40443980,46505722.0,1863013,526255252,https://sra-pub-run-odp.s3.amazonaws.com/sra/SRR40443980/SRR40443980,https://trace.ncbi.nlm.nih.gov/Traces/?view=run_browser&acc=SRR40443980,
99,6,Thyroid Cancer,SRR40443981,46505721.0,1499373,419703778,https://sra-pub-run-odp.s3.amazonaws.com/sra/SRR40443981/SRR40443981,https://trace.ncbi.nlm.nih.gov/Traces/?view=run_browser&acc=SRR40443981,
100,6,Thyroid Cancer,SRR40443982,46505720.0,1559476,426295728,https://sra-pub-run-odp.s3.amazonaws.com/sra/SRR40443982/SRR40443982,https://trace.ncbi.nlm.nih.gov/Traces/?view=run_browser&acc=SRR40443982,
1,7,Liver Cancer (HCC),SRR40898486,47050080.0,18551233,5486291008,https://sra-pub-run-odp.s3.amazonaws.com/sra/SRR40898486/SRR40898486,https://trace.ncbi.nlm.nih.gov/Traces/?view=run_browser&acc=SRR40898486,
2,7,Liver Cancer (HCC),SRR40898487,47050079.0,18612792,5501246571,https://sra-pub-run-odp.s3.amazonaws.com/sra/SRR40898487/SRR40898487,https://trace.ncbi.nlm.nih.gov/Traces/?view=run_browser&acc=SRR40898487,
3,7,Liver Cancer (HCC),SRR40898489,47050077.0,17165236,5081873199,https://sra-pub-run-odp.s3.amazonaws.com/sra/SRR40898489/SRR40898489,https://trace.ncbi.nlm.nih.gov/Traces/?view=run_browser&acc=SRR40898489,
4,7,Liver Cancer (HCC),SRR40898490,47050076.0,18110603,5359820469,https://sra-pub-run-odp.s3.amazonaws.com/sra/SRR40898490/SRR40898490,https://trace.ncbi.nlm.nih.gov/Traces/?view=run_browser&acc=SRR40898490,
5,7,Liver Cancer (HCC),SRR40898485,47050081.0,17587927,5208269053,https://sra-pub-run-odp.s3.amazonaws.com/sra/SRR40898485/SRR40898485,https://trace.ncbi.nlm.nih.gov/Traces/?view=run_browser&acc=SRR40898485,
6,7,Liver Cancer (HCC),SRR40898488,47050078.0,16713128,4945748371,https://sra-pub-run-odp.s3.amazonaws.com/sra/SRR40898488/SRR40898488,https://trace.ncbi.nlm.nih.gov/Traces/?view=run_browser&acc=SRR40898488,
7,7,Liver Cancer (HCC),SRR40853877,46976258.0,40608599,12182579700,https://sra-pub-run-odp.s3.amazonaws.com/sra/SRR40853877/SRR40853877,https://trace.ncbi.nlm.nih.gov/Traces/?view=run_browser&acc=SRR40853877,
8,7,Liver Cancer (HCC),SRR40853878,46976257.0,48327842,14498352600,https://sra-pub-run-odp.s3.amazonaws.com/sra/SRR40853878/SRR40853878,https://trace.ncbi.nlm.nih.gov/Traces/?view=run_browser&acc=SRR40853878,
9,7,Liver Cancer (HCC),SRR40853879,46976256.0,43133240,12939972000,https://sra-pub-run-odp.s3.amazonaws.com/sra/SRR40853879/SRR40853879,https://trace.ncbi.nlm.nih.gov/Traces/?view=run_browser&acc=SRR40853879,
10,7,Liver Cancer (HCC),SRR40853880,46976255.0,48037861,14411358300,https://sra-pub-run-odp.s3.amazonaws.com/sra/SRR40853880/SRR40853880,https://trace.ncbi.nlm.nih.gov/Traces/?view=run_browser&acc=SRR40853880,
11,7,Liver Cancer (HCC),SRR40853883,46976252.0,43746471,13123941300,https://sra-pub-run-odp.s3.amazonaws.com/sra/SRR40853883/SRR40853883,https://trace.ncbi.nlm.nih.gov/Traces/?view=run_browser&acc=SRR40853883,
12,7,Liver Cancer (HCC),SRR40853885,46976250.0,49665104,14899531200,https://sra-pub-run-odp.s3.amazonaws.com/sra/SRR40853885/SRR40853885,https://trace.ncbi.nlm.nih.gov/Traces/?view=run_browser&acc=SRR40853885,
13,7,Liver Cancer (HCC),SRR40853876,46976259.0,41885827,12565748100,https://sra-pub-run-odp.s3.amazonaws.com/sra/SRR40853876/SRR40853876,https://trace.ncbi.nlm.nih.gov/Traces/?view=run_browser&acc=SRR40853876,
14,7,Liver Cancer (HCC),SRR40853881,46976254.0,44644259,13393277700,https://sra-pub-run-odp.s3.amazonaws.com/sra/SRR40853881/SRR40853881,https://trace.ncbi.nlm.nih.gov/Traces/?view=run_browser&acc=SRR40853881,
15,7,Liver Cancer (HCC),SRR40853882,46976253.0,59035031,17710509300,https://sra-pub-run-odp.s3.amazonaws.com/sra/SRR40853882/SRR40853882,https://trace.ncbi.nlm.nih.gov/Traces/?view=run_browser&acc=SRR40853882,
16,7,Liver Cancer (HCC),SRR40853884,46976251.0,47966932,14390079600,https://sra-pub-run-odp.s3.amazonaws.com/sra/SRR40853884/SRR40853884,https://trace.ncbi.nlm.nih.gov/Traces/?view=run_browser&acc=SRR40853884,
17,7,Liver Cancer (HCC),SRR40784177,46891767.0,253139883,37970982450,https://sra-pub-run-odp.s3.amazonaws.com/sra/SRR40784177/SRR40784177,https://trace.ncbi.nlm.nih.gov/Traces/?view=run_browser&acc=SRR40784177,
18,7,Liver Cancer (HCC),SRR40784174,46891770.0,59364912,8904736800,https://sra-pub-run-odp.s3.amazonaws.com/sra/SRR40784174/SRR40784174,https://trace.ncbi.nlm.nih.gov/Traces/?view=run_browser&acc=SRR40784174,
19,7,Liver Cancer (HCC),SRR40784175,46891769.0,193752212,29062831800,https://sra-pub-run-odp.s3.amazonaws.com/sra/SRR40784175/SRR40784175,https://trace.ncbi.nlm.nih.gov/Traces/?view=run_browser&acc=SRR40784175,
20,7,Liver Cancer (HCC),SRR40784176,46891768.0,184669569,27700435350,https://sra-pub-run-odp.s3.amazonaws.com/sra/SRR40784176/SRR40784176,https://trace.ncbi.nlm.nih.gov/Traces/?view=run_browser&acc=SRR40784176,
21,7,Liver Cancer (HCC),SRR40784178,46891766.0,225572629,33835894350,https://sra-pub-run-odp.s3.amazonaws.com/sra/SRR40784178/SRR40784178,https://trace.ncbi.nlm.nih.gov/Traces/?view=run_browser&acc=SRR40784178,
22,7,Liver Cancer (HCC),SRR40784185,46891759.0,54561745,8184261750,https://sra-pub-run-odp.s3.amazonaws.com/sra/SRR40784185/SRR40784185,https://trace.ncbi.nlm.nih.gov/Traces/?view=run_browser&acc=SRR40784185,
23,7,Liver Cancer (HCC),DRR1046339,46869224.0,17850050,5355015000,https://sra-pub-run-odp.s3.amazonaws.com/sra/DRR1046339/DRR1046339,https://trace.ncbi.nlm.nih.gov/Traces/?view=run_browser&acc=DRR1046339,
24,7,Liver Cancer (HCC),DRR1046338,46869223.0,14158164,4247449200,https://sra-pub-run-odp.s3.amazonaws.com/sra/DRR1046338/DRR1046338,https://trace.ncbi.nlm.nih.gov/Traces/?view=run_browser&acc=DRR1046338,
25,7,Liver Cancer (HCC),DRR1046337,46869222.0,17901385,5370415500,https://sra-pub-run-odp.s3.amazonaws.com/sra/DRR1046337/DRR1046337,https://trace.ncbi.nlm.nih.gov/Traces/?view=run_browser&acc=DRR1046337,
26,7,Liver Cancer (HCC),DRR1046336,46869221.0,15148375,4544512500,https://sra-pub-run-odp.s3.amazonaws.com/sra/DRR1046336/DRR1046336,https://trace.ncbi.nlm.nih.gov/Traces/?view=run_browser&acc=DRR1046336,
27,7,Liver Cancer (HCC),DRR1046335,46869220.0,14799924,4439977200,https://sra-pub-run-odp.s3.amazonaws.com/sra/DRR1046335/DRR1046335,https://trace.ncbi.nlm.nih.gov/Traces/?view=run_browser&acc=DRR1046335,
28,7,Liver Cancer (HCC),DRR1046334,46869219.0,16509430,4952829000,https://sra-pub-run-odp.s3.amazonaws.com/sra/DRR1046334/DRR1046334,https://trace.ncbi.nlm.nih.gov/Traces/?view=run_browser&acc=DRR1046334,
29,7,Liver Cancer (HCC),DRR1046333,46869218.0,17067419,5120225700,https://sra-pub-run-odp.s3.amazonaws.com/sra/DRR1046333/DRR1046333,https://trace.ncbi.nlm.nih.gov/Traces/?view=run_browser&acc=DRR1046333,
30,7,Liver Cancer (HCC),DRR1046332,46869217.0,15248432,4574529600,https://sra-pub-run-odp.s3.amazonaws.com/sra/DRR1046332/DRR1046332,https://trace.ncbi.nlm.nih.gov/Traces/?view=run_browser&acc=DRR1046332,
31,7,Liver Cancer (HCC),SRR38494009,44447149.0,26631746,7989523800,https://sra-pub-run-odp.s3.amazonaws.com/sra/SRR38494009/SRR38494009,https://trace.ncbi.nlm.nih.gov/Traces/?view=run_browser&acc=SRR38494009,
32,7,Liver Cancer (HCC),SRR40681437,46777732.0,35094525,10528357500,https://sra-pub-run-odp.s3.amazonaws.com/sra/SRR40681437/SRR40681437,https://trace.ncbi.nlm.nih.gov/Traces/?view=run_browser&acc=SRR40681437,
33,7,Liver Cancer (HCC),SRR40681438,46777731.0,35766149,10729844700,https://sra-pub-run-odp.s3.amazonaws.com/sra/SRR40681438/SRR40681438,https://trace.ncbi.nlm.nih.gov/Traces/?view=run_browser&acc=SRR40681438,
34,7,Liver Cancer (HCC),SRR40681439,46777730.0,68389645,20516893500,https://sra-pub-run-odp.s3.amazonaws.com/sra/SRR40681439/SRR40681439,https://trace.ncbi.nlm.nih.gov/Traces/?view=run_browser&acc=SRR40681439,
35,7,Liver Cancer (HCC),SRR40681440,46777729.0,54330994,16299298200,https://sra-pub-run-odp.s3.amazonaws.com/sra/SRR40681440/SRR40681440,https://trace.ncbi.nlm.nih.gov/Traces/?view=run_browser&acc=SRR40681440,
36,7,Liver Cancer (HCC),SRR40681441,46777728.0,83034356,24910306800,https://sra-pub-run-odp.s3.amazonaws.com/sra/SRR40681441/SRR40681441,https://trace.ncbi.nlm.nih.gov/Traces/?view=run_browser&acc=SRR40681441,
37,7,Liver Cancer (HCC),SRR40681442,46777727.0,119609139,35882741700,https://sra-pub-run-odp.s3.amazonaws.com/sra/SRR40681442/SRR40681442,https://trace.ncbi.nlm.nih.gov/Traces/?view=run_browser&acc=SRR40681442,
38,7,Liver Cancer (HCC),ERR15652164,43764910.0,25286324,1820615328,https://sra-pub-run-odp.s3.amazonaws.com/sra/ERR15652164/ERR15652164,https://trace.ncbi.nlm.nih.gov/Traces/?view=run_browser&acc=ERR15652164,
39,7,Liver Cancer (HCC),ERR15652167,43764362.0,22542333,1623047976,https://sra-pub-run-odp.s3.amazonaws.com/sra/ERR15652167/ERR15652167,https://trace.ncbi.nlm.nih.gov/Traces/?view=run_browser&acc=ERR15652167,
40,7,Liver Cancer (HCC),ERR15652170,43764181.0,23105455,1663592760,https://sra-pub-run-odp.s3.amazonaws.com/sra/ERR15652170/ERR15652170,https://trace.ncbi.nlm.nih.gov/Traces/?view=run_browser&acc=ERR15652170,
41,7,Liver Cancer (HCC),ERR15652165,43764051.0,22641585,1630194120,https://sra-pub-run-odp.s3.amazonaws.com/sra/ERR15652165/ERR15652165,https://trace.ncbi.nlm.nih.gov/Traces/?view=run_browser&acc=ERR15652165,
42,7,Liver Cancer (HCC),ERR15652169,43762954.0,21780286,1568180592,https://sra-pub-run-odp.s3.amazonaws.com/sra/ERR15652169/ERR15652169,https://trace.ncbi.nlm.nih.gov/Traces/?view=run_browser&acc=ERR15652169,
43,7,Liver Cancer (HCC),ERR15652171,43762537.0,21035567,1514560824,https://sra-pub-run-odp.s3.amazonaws.com/sra/ERR15652171/ERR15652171,https://trace.ncbi.nlm.nih.gov/Traces/?view=run_browser&acc=ERR15652171,
44,7,Liver Cancer (HCC),ERR15652161,43762464.0,20862838,1502124336,https://sra-pub-run-odp.s3.amazonaws.com/sra/ERR15652161/ERR15652161,https://trace.ncbi.nlm.nih.gov/Traces/?view=run_browser&acc=ERR15652161,
45,7,Liver Cancer (HCC),ERR15652162,43762177.0,21888895,1576000440,https://sra-pub-run-odp.s3.amazonaws.com/sra/ERR15652162/ERR15652162,https://trace.ncbi.nlm.nih.gov/Traces/?view=run_browser&acc=ERR15652162,
46,7,Liver Cancer (HCC),ERR15652163,43761695.0,22731378,1636659216,https://sra-pub-run-odp.s3.amazonaws.com/sra/ERR15652163/ERR15652163,https://trace.ncbi.nlm.nih.gov/Traces/?view=run_browser&acc=ERR15652163,
47,7,Liver Cancer (HCC),ERR15652168,43761350.0,22834130,1644057360,https://sra-pub-run-odp.s3.amazonaws.com/sra/ERR15652168/ERR15652168,https://trace.ncbi.nlm.nih.gov/Traces/?view=run_browser&acc=ERR15652168,
48,7,Liver Cancer (HCC),SRR40524533,46592644.0,22091652,6589523564,https://sra-pub-run-odp.s3.amazonaws.com/sra/SRR40524533/SRR40524533,https://trace.ncbi.nlm.nih.gov/Traces/?view=run_browser&acc=SRR40524533,
49,7,Liver Cancer (HCC),SRR40524534,46592643.0,22049651,6578678600,https://sra-pub-run-odp.s3.amazonaws.com/sra/SRR40524534/SRR40524534,https://trace.ncbi.nlm.nih.gov/Traces/?view=run_browser&acc=SRR40524534,
50,7,Liver Cancer (HCC),SRR40524535,46592642.0,21941594,6550055197,https://sra-pub-run-odp.s3.amazonaws.com/sra/SRR40524535/SRR40524535,https://trace.ncbi.nlm.nih.gov/Traces/?view=run_browser&acc=SRR40524535,
51,7,Liver Cancer (HCC),SRR40524536,46592641.0,23028081,6882710120,https://sra-pub-run-odp.s3.amazonaws.com/sra/SRR40524536/SRR40524536,https://trace.ncbi.nlm.nih.gov/Traces/?view=run_browser&acc=SRR40524536,
52,7,Liver Cancer (HCC),SRR40464847,46526079.0,455956836,136787050800,https://sra-pub-run-odp.s3.amazonaws.com/sra/SRR40464847/SRR40464847,https://trace.ncbi.nlm.nih.gov/Traces/?view=run_browser&acc=SRR40464847,
53,7,Liver Cancer (HCC),SRR40464848,46526078.0,501527795,150458338500,https://sra-pub-run-odp.s3.amazonaws.com/sra/SRR40464848/SRR40464848,https://trace.ncbi.nlm.nih.gov/Traces/?view=run_browser&acc=SRR40464848,
54,7,Liver Cancer (HCC),SRR40464849,46526077.0,395632024,118689607200,https://sra-pub-run-odp.s3.amazonaws.com/sra/SRR40464849/SRR40464849,https://trace.ncbi.nlm.nih.gov/Traces/?view=run_browser&acc=SRR40464849,
55,7,Liver Cancer (HCC),SRR40464850,46526076.0,398193367,119458010100,https://sra-pub-run-odp.s3.amazonaws.com/sra/SRR40464850/SRR40464850,https://trace.ncbi.nlm.nih.gov/Traces/?view=run_browser&acc=SRR40464850,
56,7,Liver Cancer (HCC),SRR31390900,36166385.0,51102083,7767516616,https://sra-pub-run-odp.s3.amazonaws.com/sra/SRR31390900/SRR31390900,https://trace.ncbi.nlm.nih.gov/Traces/?view=run_browser&acc=SRR31390900,
57,7,Liver Cancer (HCC),SRR31390901,36166384.0,47781810,7262835120,https://sra-pub-run-odp.s3.amazonaws.com/sra/SRR31390901/SRR31390901,https://trace.ncbi.nlm.nih.gov/Traces/?view=run_browser&acc=SRR31390901,
58,7,Liver Cancer (HCC),SRR31390902,36166383.0,55272663,8401444776,https://sra-pub-run-odp.s3.amazonaws.com/sra/SRR31390902/SRR31390902,https://trace.ncbi.nlm.nih.gov/Traces/?view=run_browser&acc=SRR31390902,
59,7,Liver Cancer (HCC),SRR31390903,36166382.0,50768338,7716787376,https://sra-pub-run-odp.s3.amazonaws.com/sra/SRR31390903/SRR31390903,https://trace.ncbi.nlm.nih.gov/Traces/?view=run_browser&acc=SRR31390903,
60,7,Liver Cancer (HCC),SRR31390904,36166381.0,49118718,7466045136,https://sra-pub-run-odp.s3.amazonaws.com/sra/SRR31390904/SRR31390904,https://trace.ncbi.nlm.nih.gov/Traces/?view=run_browser&acc=SRR31390904,
61,7,Liver Cancer (HCC),SRR31390905,36166380.0,61341818,9323956336,https://sra-pub-run-odp.s3.amazonaws.com/sra/SRR31390905/SRR31390905,https://trace.ncbi.nlm.nih.gov/Traces/?view=run_browser&acc=SRR31390905,
62,7,Liver Cancer (HCC),SRR40426842,46489749.0,22483682,6745104600,https://sra-pub-run-odp.s3.amazonaws.com/sra/SRR40426842/SRR40426842,https://trace.ncbi.nlm.nih.gov/Traces/?view=run_browser&acc=SRR40426842,
63,7,Liver Cancer (HCC),SRR40426843,46489748.0,23436315,7030894500,https://sra-pub-run-odp.s3.amazonaws.com/sra/SRR40426843/SRR40426843,https://trace.ncbi.nlm.nih.gov/Traces/?view=run_browser&acc=SRR40426843,
64,7,Liver Cancer (HCC),SRR40426844,46489747.0,25252465,7575739500,https://sra-pub-run-odp.s3.amazonaws.com/sra/SRR40426844/SRR40426844,https://trace.ncbi.nlm.nih.gov/Traces/?view=run_browser&acc=SRR40426844,
65,7,Liver Cancer (HCC),SRR40426845,46489746.0,27292212,8187663600,https://sra-pub-run-odp.s3.amazonaws.com/sra/SRR40426845/SRR40426845,https://trace.ncbi.nlm.nih.gov/Traces/?view=run_browser&acc=SRR40426845,
66,7,Liver Cancer (HCC),SRR40329723,46389750.0,24844786,7453435800,https://sra-pub-run-odp.s3.amazonaws.com/sra/SRR40329723/SRR40329723,https://trace.ncbi.nlm.nih.gov/Traces/?view=run_browser&acc=SRR40329723,
67,7,Liver Cancer (HCC),SRR40329726,46389749.0,24986837,7496051100,https://sra-pub-run-odp.s3.amazonaws.com/sra/SRR40329726/SRR40329726,https://trace.ncbi.nlm.nih.gov/Traces/?view=run_browser&acc=SRR40329726,
68,7,Liver Cancer (HCC),SRR40329724,46389748.0,21129133,6338739900,https://sra-pub-run-odp.s3.amazonaws.com/sra/SRR40329724/SRR40329724,https://trace.ncbi.nlm.nih.gov/Traces/?view=run_browser&acc=SRR40329724,
69,7,Liver Cancer (HCC),SRR40329725,46389747.0,23448753,7034625900,https://sra-pub-run-odp.s3.amazonaws.com/sra/SRR40329725/SRR40329725,https://trace.ncbi.nlm.nih.gov/Traces/?view=run_browser&acc=SRR40329725,
70,7,Liver Cancer (HCC),SRR40329727,46389746.0,26340379,7902113700,https://sra-pub-run-odp.s3.amazonaws.com/sra/SRR40329727/SRR40329727,https://trace.ncbi.nlm.nih.gov/Traces/?view=run_browser&acc=SRR40329727,
71,7,Liver Cancer (HCC),SRR40329728,46389745.0,27206005,8161801500,https://sra-pub-run-odp.s3.amazonaws.com/sra/SRR40329728/SRR40329728,https://trace.ncbi.nlm.nih.gov/Traces/?view=run_browser&acc=SRR40329728,
72,7,Liver Cancer (HCC),SRR40306416,46361749.0,23240362,1162018100,https://sra-pub-run-odp.s3.amazonaws.com/sra/SRR40306416/SRR40306416,https://trace.ncbi.nlm.nih.gov/Traces/?view=run_browser&acc=SRR40306416,
73,7,Liver Cancer (HCC),SRR40306417,46361748.0,22690377,1134518850,https://sra-pub-run-odp.s3.amazonaws.com/sra/SRR40306417/SRR40306417,https://trace.ncbi.nlm.nih.gov/Traces/?view=run_browser&acc=SRR40306417,
74,7,Liver Cancer (HCC),SRR40306418,46361747.0,22039294,1101964700,https://sra-pub-run-odp.s3.amazonaws.com/sra/SRR40306418/SRR40306418,https://trace.ncbi.nlm.nih.gov/Traces/?view=run_browser&acc=SRR40306418,
75,7,Liver Cancer (HCC),SRR40306419,46361746.0,21435540,1071777000,https://sra-pub-run-odp.s3.amazonaws.com/sra/SRR40306419/SRR40306419,https://trace.ncbi.nlm.nih.gov/Traces/?view=run_browser&acc=SRR40306419,
76,7,Liver Cancer (HCC),SRR40306420,46361745.0,21397498,1069874900,https://sra-pub-run-odp.s3.amazonaws.com/sra/SRR40306420/SRR40306420,https://trace.ncbi.nlm.nih.gov/Traces/?view=run_browser&acc=SRR40306420,
77,7,Liver Cancer (HCC),SRR40306421,46361744.0,23168740,1158437000,https://sra-pub-run-odp.s3.amazonaws.com/sra/SRR40306421/SRR40306421,https://trace.ncbi.nlm.nih.gov/Traces/?view=run_browser&acc=SRR40306421,
78,7,Liver Cancer (HCC),SRR40305856,46360954.0,34504411,5175661650,https://sra-pub-run-odp.s3.amazonaws.com/sra/SRR40305856/SRR40305856,https://trace.ncbi.nlm.nih.gov/Traces/?view=run_browser&acc=SRR40305856,
79,7,Liver Cancer (HCC),SRR40305857,46360953.0,33613455,5042018250,https://sra-pub-run-odp.s3.amazonaws.com/sra/SRR40305857/SRR40305857,https://trace.ncbi.nlm.nih.gov/Traces/?view=run_browser&acc=SRR40305857,
80,7,Liver Cancer (HCC),SRR40305858,46360952.0,38719782,5807967300,https://sra-pub-run-odp.s3.amazonaws.com/sra/SRR40305858/SRR40305858,https://trace.ncbi.nlm.nih.gov/Traces/?view=run_browser&acc=SRR40305858,
81,7,Liver Cancer (HCC),SRR40305859,46360951.0,33412536,5011880400,https://sra-pub-run-odp.s3.amazonaws.com/sra/SRR40305859/SRR40305859,https://trace.ncbi.nlm.nih.gov/Traces/?view=run_browser&acc=SRR40305859,
82,7,Liver Cancer (HCC),SRR40305860,46360950.0,31621043,4743156450,https://sra-pub-run-odp.s3.amazonaws.com/sra/SRR40305860/SRR40305860,https://trace.ncbi.nlm.nih.gov/Traces/?view=run_browser&acc=SRR40305860,
83,7,Liver Cancer (HCC),SRR40305861,46360949.0,41157746,6173661900,https://sra-pub-run-odp.s3.amazonaws.com/sra/SRR40305861/SRR40305861,https://trace.ncbi.nlm.nih.gov/Traces/?view=run_browser&acc=SRR40305861,
84,7,Liver Cancer (HCC),SRR40305588,46360684.0,20901327,1045066350,https://sra-pub-run-odp.s3.amazonaws.com/sra/SRR40305588/SRR40305588,https://trace.ncbi.nlm.nih.gov/Traces/?view=run_browser&acc=SRR40305588,
85,7,Liver Cancer (HCC),SRR40305589,46360683.0,21166138,1058306900,https://sra-pub-run-odp.s3.amazonaws.com/sra/SRR40305589/SRR40305589,https://trace.ncbi.nlm.nih.gov/Traces/?view=run_browser&acc=SRR40305589,
86,7,Liver Cancer (HCC),SRR40305590,46360682.0,20221932,1011096600,https://sra-pub-run-odp.s3.amazonaws.com/sra/SRR40305590/SRR40305590,https://trace.ncbi.nlm.nih.gov/Traces/?view=run_browser&acc=SRR40305590,
87,7,Liver Cancer (HCC),SRR40305591,46360681.0,22941549,1147077450,https://sra-pub-run-odp.s3.amazonaws.com/sra/SRR40305591/SRR40305591,https://trace.ncbi.nlm.nih.gov/Traces/?view=run_browser&acc=SRR40305591,
88,7,Liver Cancer (HCC),SRR40305592,46360680.0,21638261,1081913050,https://sra-pub-run-odp.s3.amazonaws.com/sra/SRR40305592/SRR40305592,https://trace.ncbi.nlm.nih.gov/Traces/?view=run_browser&acc=SRR40305592,
89,7,Liver Cancer (HCC),SRR40305593,46360679.0,23629049,1181452450,https://sra-pub-run-odp.s3.amazonaws.com/sra/SRR40305593/SRR40305593,https://trace.ncbi.nlm.nih.gov/Traces/?view=run_browser&acc=SRR40305593,
90,7,Liver Cancer (HCC),SRR40305350,46360446.0,311795824,93538747200,https://sra-pub-run-odp.s3.amazonaws.com/sra/SRR40305350/SRR40305350,https://trace.ncbi.nlm.nih.gov/Traces/?view=run_browser&acc=SRR40305350,
91,7,Liver Cancer (HCC),SRR40305351,46360445.0,93050193,27915057900,https://sra-pub-run-odp.s3.amazonaws.com/sra/SRR40305351/SRR40305351,https://trace.ncbi.nlm.nih.gov/Traces/?view=run_browser&acc=SRR40305351,
92,7,Liver Cancer (HCC),SRR40305352,46360444.0,22234307,6670292100,https://sra-pub-run-odp.s3.amazonaws.com/sra/SRR40305352/SRR40305352,https://trace.ncbi.nlm.nih.gov/Traces/?view=run_browser&acc=SRR40305352,
93,7,Liver Cancer (HCC),SRR40305353,46360443.0,366842575,110052772500,https://sra-pub-run-odp.s3.amazonaws.com/sra/SRR40305353/SRR40305353,https://trace.ncbi.nlm.nih.gov/Traces/?view=run_browser&acc=SRR40305353,
94,7,Liver Cancer (HCC),SRR40305354,46360442.0,61821538,18546461400,https://sra-pub-run-odp.s3.amazonaws.com/sra/SRR40305354/SRR40305354,https://trace.ncbi.nlm.nih.gov/Traces/?view=run_browser&acc=SRR40305354,
95,7,Liver Cancer (HCC),SRR40305355,46360441.0,21045640,6313692000,https://sra-pub-run-odp.s3.amazonaws.com/sra/SRR40305355/SRR40305355,https://trace.ncbi.nlm.nih.gov/Traces/?view=run_browser&acc=SRR40305355,
96,7,Liver Cancer (HCC),SRR30169005,34650131.0,268266198,27135343747,https://sra-pub-run-odp.s3.amazonaws.com/sra/SRR30169005/SRR30169005,https://trace.ncbi.nlm.nih.gov/Traces/?view=run_browser&acc=SRR30169005,
97,7,Liver Cancer (HCC),SRR30169006,34650130.0,49940701,5051481937,https://sra-pub-run-odp.s3.amazonaws.com/sra/SRR30169006/SRR30169006,https://trace.ncbi.nlm.nih.gov/Traces/?view=run_browser&acc=SRR30169006,
98,7,Liver Cancer (HCC),SRR30169007,34650129.0,7734956,782325241,https://sra-pub-run-odp.s3.amazonaws.com/sra/SRR30169007/SRR30169007,https://trace.ncbi.nlm.nih.gov/Traces/?view=run_browser&acc=SRR30169007,
99,7,Liver Cancer (HCC),SRR30169008,34650128.0,2667811,269548570,https://sra-pub-run-odp.s3.amazonaws.com/sra/SRR30169008/SRR30169008,https://trace.ncbi.nlm.nih.gov/Traces/?view=run_browser&acc=SRR30169008,
100,7,Liver Cancer (HCC),SRR30169009,34650127.0,5856520,591050103,https://sra-pub-run-odp.s3.amazonaws.com/sra/SRR30169009/SRR30169009,https://trace.ncbi.nlm.nih.gov/Traces/?view=run_browser&acc=SRR30169009,
1,8,Bladder Cancer,SRR38636399,44582561.0,141256693,28533851986,https://sra-pub-run-odp.s3.amazonaws.com/sra/SRR38636399/SRR38636399,https://trace.ncbi.nlm.nih.gov/Traces/?view=run_browser&acc=SRR38636399,
2,8,Bladder Cancer,SRR38636398,44582560.0,138439835,27964846670,https://sra-pub-run-odp.s3.amazonaws.com/sra/SRR38636398/SRR38636398,https://trace.ncbi.nlm.nih.gov/Traces/?view=run_browser&acc=SRR38636398,
3,8,Bladder Cancer,SRR38636397,44582559.0,151577926,30618741052,https://sra-pub-run-odp.s3.amazonaws.com/sra/SRR38636397/SRR38636397,https://trace.ncbi.nlm.nih.gov/Traces/?view=run_browser&acc=SRR38636397,
4,8,Bladder Cancer,SRR38636395,44582557.0,325463231,65743572662,https://sra-pub-run-odp.s3.amazonaws.com/sra/SRR38636395/SRR38636395,https://trace.ncbi.nlm.nih.gov/Traces/?view=run_browser&acc=SRR38636395,
5,8,Bladder Cancer,SRR38636394,44582556.0,394784990,79746567980,https://sra-pub-run-odp.s3.amazonaws.com/sra/SRR38636394/SRR38636394,https://trace.ncbi.nlm.nih.gov/Traces/?view=run_browser&acc=SRR38636394,
6,8,Bladder Cancer,SRR38636393,44582555.0,394784990,79746567980,https://sra-pub-run-odp.s3.amazonaws.com/sra/SRR38636393/SRR38636393,https://trace.ncbi.nlm.nih.gov/Traces/?view=run_browser&acc=SRR38636393,
7,8,Bladder Cancer,SRR38636391,44582553.0,164561601,33241443402,https://sra-pub-run-odp.s3.amazonaws.com/sra/SRR38636391/SRR38636391,https://trace.ncbi.nlm.nih.gov/Traces/?view=run_browser&acc=SRR38636391,
8,8,Bladder Cancer,SRR38636387,44582549.0,156272306,31567005812,https://sra-pub-run-odp.s3.amazonaws.com/sra/SRR38636387/SRR38636387,https://trace.ncbi.nlm.nih.gov/Traces/?view=run_browser&acc=SRR38636387,
9,8,Bladder Cancer,SRR38636385,44582547.0,167692982,33873982364,https://sra-pub-run-odp.s3.amazonaws.com/sra/SRR38636385/SRR38636385,https://trace.ncbi.nlm.nih.gov/Traces/?view=run_browser&acc=SRR38636385,
10,8,Bladder Cancer,SRR38636378,44582540.0,141071159,28496374118,https://sra-pub-run-odp.s3.amazonaws.com/sra/SRR38636378/SRR38636378,https://trace.ncbi.nlm.nih.gov/Traces/?view=run_browser&acc=SRR38636378,
11,8,Bladder Cancer,SRR38636377,44582539.0,152934795,30892828590,https://sra-pub-run-odp.s3.amazonaws.com/sra/SRR38636377/SRR38636377,https://trace.ncbi.nlm.nih.gov/Traces/?view=run_browser&acc=SRR38636377,
12,8,Bladder Cancer,SRR38636375,44582537.0,140333705,28347408410,https://sra-pub-run-odp.s3.amazonaws.com/sra/SRR38636375/SRR38636375,https://trace.ncbi.nlm.nih.gov/Traces/?view=run_browser&acc=SRR38636375,
13,8,Bladder Cancer,SRR38636373,44582535.0,184108764,37189970328,https://sra-pub-run-odp.s3.amazonaws.com/sra/SRR38636373/SRR38636373,https://trace.ncbi.nlm.nih.gov/Traces/?view=run_browser&acc=SRR38636373,
14,8,Bladder Cancer,SRR38636371,44582533.0,176220575,35596556150,https://sra-pub-run-odp.s3.amazonaws.com/sra/SRR38636371/SRR38636371,https://trace.ncbi.nlm.nih.gov/Traces/?view=run_browser&acc=SRR38636371,
15,8,Bladder Cancer,SRR38636369,44582531.0,158549988,32027097576,https://sra-pub-run-odp.s3.amazonaws.com/sra/SRR38636369/SRR38636369,https://trace.ncbi.nlm.nih.gov/Traces/?view=run_browser&acc=SRR38636369,
16,8,Bladder Cancer,SRR38636368,44582530.0,173531363,35053335326,https://sra-pub-run-odp.s3.amazonaws.com/sra/SRR38636368/SRR38636368,https://trace.ncbi.nlm.nih.gov/Traces/?view=run_browser&acc=SRR38636368,
17,8,Bladder Cancer,SRR38636367,44582529.0,205738925,41559262850,https://sra-pub-run-odp.s3.amazonaws.com/sra/SRR38636367/SRR38636367,https://trace.ncbi.nlm.nih.gov/Traces/?view=run_browser&acc=SRR38636367,
18,8,Bladder Cancer,SRR38636364,44582526.0,168688404,34075057608,https://sra-pub-run-odp.s3.amazonaws.com/sra/SRR38636364/SRR38636364,https://trace.ncbi.nlm.nih.gov/Traces/?view=run_browser&acc=SRR38636364,
19,8,Bladder Cancer,SRR38636362,44582524.0,163361061,32998934322,https://sra-pub-run-odp.s3.amazonaws.com/sra/SRR38636362/SRR38636362,https://trace.ncbi.nlm.nih.gov/Traces/?view=run_browser&acc=SRR38636362,
20,8,Bladder Cancer,SRR38636360,44582522.0,157175182,31749386764,https://sra-pub-run-odp.s3.amazonaws.com/sra/SRR38636360/SRR38636360,https://trace.ncbi.nlm.nih.gov/Traces/?view=run_browser&acc=SRR38636360,
21,8,Bladder Cancer,SRR38636357,44582519.0,160613483,32443923566,https://sra-pub-run-odp.s3.amazonaws.com/sra/SRR38636357/SRR38636357,https://trace.ncbi.nlm.nih.gov/Traces/?view=run_browser&acc=SRR38636357,
22,8,Bladder Cancer,SRR38636352,44582514.0,169585076,34256185352,https://sra-pub-run-odp.s3.amazonaws.com/sra/SRR38636352/SRR38636352,https://trace.ncbi.nlm.nih.gov/Traces/?view=run_browser&acc=SRR38636352,
23,8,Bladder Cancer,SRR38636351,44582513.0,146304410,29553490820,https://sra-pub-run-odp.s3.amazonaws.com/sra/SRR38636351/SRR38636351,https://trace.ncbi.nlm.nih.gov/Traces/?view=run_browser&acc=SRR38636351,
24,8,Bladder Cancer,SRR38636350,44582512.0,164335255,33195721510,https://sra-pub-run-odp.s3.amazonaws.com/sra/SRR38636350/SRR38636350,https://trace.ncbi.nlm.nih.gov/Traces/?view=run_browser&acc=SRR38636350,
25,8,Bladder Cancer,SRR38636348,44582510.0,140984724,28478914248,https://sra-pub-run-odp.s3.amazonaws.com/sra/SRR38636348/SRR38636348,https://trace.ncbi.nlm.nih.gov/Traces/?view=run_browser&acc=SRR38636348,
26,8,Bladder Cancer,SRR38636347,44582509.0,215565975,43544326950,https://sra-pub-run-odp.s3.amazonaws.com/sra/SRR38636347/SRR38636347,https://trace.ncbi.nlm.nih.gov/Traces/?view=run_browser&acc=SRR38636347,
27,8,Bladder Cancer,SRR38636346,44582508.0,192521485,38889339970,https://sra-pub-run-odp.s3.amazonaws.com/sra/SRR38636346/SRR38636346,https://trace.ncbi.nlm.nih.gov/Traces/?view=run_browser&acc=SRR38636346,
28,8,Bladder Cancer,SRR38636341,44582503.0,150476284,30396209368,https://sra-pub-run-odp.s3.amazonaws.com/sra/SRR38636341/SRR38636341,https://trace.ncbi.nlm.nih.gov/Traces/?view=run_browser&acc=SRR38636341,
29,8,Bladder Cancer,SRR38636340,44582502.0,175738389,35499154578,https://sra-pub-run-odp.s3.amazonaws.com/sra/SRR38636340/SRR38636340,https://trace.ncbi.nlm.nih.gov/Traces/?view=run_browser&acc=SRR38636340,
30,8,Bladder Cancer,SRR38636338,44582500.0,192724044,38930256888,https://sra-pub-run-odp.s3.amazonaws.com/sra/SRR38636338/SRR38636338,https://trace.ncbi.nlm.nih.gov/Traces/?view=run_browser&acc=SRR38636338,
31,8,Bladder Cancer,SRR38636334,44582496.0,181183945,36599156890,https://sra-pub-run-odp.s3.amazonaws.com/sra/SRR38636334/SRR38636334,https://trace.ncbi.nlm.nih.gov/Traces/?view=run_browser&acc=SRR38636334,
32,8,Bladder Cancer,SRR38636332,44582494.0,165832452,33498155304,https://sra-pub-run-odp.s3.amazonaws.com/sra/SRR38636332/SRR38636332,https://trace.ncbi.nlm.nih.gov/Traces/?view=run_browser&acc=SRR38636332,
33,8,Bladder Cancer,SRR38636331,44582493.0,110818209,22385278218,https://sra-pub-run-odp.s3.amazonaws.com/sra/SRR38636331/SRR38636331,https://trace.ncbi.nlm.nih.gov/Traces/?view=run_browser&acc=SRR38636331,
34,8,Bladder Cancer,SRR38636329,44582491.0,201437063,40690286726,https://sra-pub-run-odp.s3.amazonaws.com/sra/SRR38636329/SRR38636329,https://trace.ncbi.nlm.nih.gov/Traces/?view=run_browser&acc=SRR38636329,
35,8,Bladder Cancer,SRR38636326,44582488.0,182260255,36816571510,https://sra-pub-run-odp.s3.amazonaws.com/sra/SRR38636326/SRR38636326,https://trace.ncbi.nlm.nih.gov/Traces/?view=run_browser&acc=SRR38636326,
36,8,Bladder Cancer,SRR38636325,44582487.0,198705132,40138436664,https://sra-pub-run-odp.s3.amazonaws.com/sra/SRR38636325/SRR38636325,https://trace.ncbi.nlm.nih.gov/Traces/?view=run_browser&acc=SRR38636325,
37,8,Bladder Cancer,SRR38636323,44582485.0,183446281,37056148762,https://sra-pub-run-odp.s3.amazonaws.com/sra/SRR38636323/SRR38636323,https://trace.ncbi.nlm.nih.gov/Traces/?view=run_browser&acc=SRR38636323,
38,8,Bladder Cancer,SRR38636321,44582483.0,159997406,32319476012,https://sra-pub-run-odp.s3.amazonaws.com/sra/SRR38636321/SRR38636321,https://trace.ncbi.nlm.nih.gov/Traces/?view=run_browser&acc=SRR38636321,
39,8,Bladder Cancer,SRR38636303,44582481.0,206087752,41629725904,https://sra-pub-run-odp.s3.amazonaws.com/sra/SRR38636303/SRR38636303,https://trace.ncbi.nlm.nih.gov/Traces/?view=run_browser&acc=SRR38636303,
40,8,Bladder Cancer,SRR38636301,44582479.0,216263291,43685184782,https://sra-pub-run-odp.s3.amazonaws.com/sra/SRR38636301/SRR38636301,https://trace.ncbi.nlm.nih.gov/Traces/?view=run_browser&acc=SRR38636301,
41,8,Bladder Cancer,SRR38636300,44582478.0,186777184,37728991168,https://sra-pub-run-odp.s3.amazonaws.com/sra/SRR38636300/SRR38636300,https://trace.ncbi.nlm.nih.gov/Traces/?view=run_browser&acc=SRR38636300,
42,8,Bladder Cancer,SRR38636298,44582476.0,160031251,32326312702,https://sra-pub-run-odp.s3.amazonaws.com/sra/SRR38636298/SRR38636298,https://trace.ncbi.nlm.nih.gov/Traces/?view=run_browser&acc=SRR38636298,
43,8,Bladder Cancer,SRR38636297,44582475.0,162502309,32825466418,https://sra-pub-run-odp.s3.amazonaws.com/sra/SRR38636297/SRR38636297,https://trace.ncbi.nlm.nih.gov/Traces/?view=run_browser&acc=SRR38636297,
44,8,Bladder Cancer,SRR38636296,44582474.0,194562375,39301599750,https://sra-pub-run-odp.s3.amazonaws.com/sra/SRR38636296/SRR38636296,https://trace.ncbi.nlm.nih.gov/Traces/?view=run_browser&acc=SRR38636296,
45,8,Bladder Cancer,SRR38636294,44582472.0,174613499,35271926798,https://sra-pub-run-odp.s3.amazonaws.com/sra/SRR38636294/SRR38636294,https://trace.ncbi.nlm.nih.gov/Traces/?view=run_browser&acc=SRR38636294,
46,8,Bladder Cancer,SRR38636292,44582470.0,158990107,32116001614,https://sra-pub-run-odp.s3.amazonaws.com/sra/SRR38636292/SRR38636292,https://trace.ncbi.nlm.nih.gov/Traces/?view=run_browser&acc=SRR38636292,
47,8,Bladder Cancer,SRR38636290,44582468.0,140566269,28394386338,https://sra-pub-run-odp.s3.amazonaws.com/sra/SRR38636290/SRR38636290,https://trace.ncbi.nlm.nih.gov/Traces/?view=run_browser&acc=SRR38636290,
48,8,Bladder Cancer,SRR38636289,44582467.0,155515460,31414122920,https://sra-pub-run-odp.s3.amazonaws.com/sra/SRR38636289/SRR38636289,https://trace.ncbi.nlm.nih.gov/Traces/?view=run_browser&acc=SRR38636289,
49,8,Bladder Cancer,SRR38636287,44582465.0,179586989,36276571778,https://sra-pub-run-odp.s3.amazonaws.com/sra/SRR38636287/SRR38636287,https://trace.ncbi.nlm.nih.gov/Traces/?view=run_browser&acc=SRR38636287,
50,8,Bladder Cancer,SRR38636285,44582463.0,160031670,32326397340,https://sra-pub-run-odp.s3.amazonaws.com/sra/SRR38636285/SRR38636285,https://trace.ncbi.nlm.nih.gov/Traces/?view=run_browser&acc=SRR38636285,
51,8,Bladder Cancer,SRR38636284,44582462.0,150008935,30301804870,https://sra-pub-run-odp.s3.amazonaws.com/sra/SRR38636284/SRR38636284,https://trace.ncbi.nlm.nih.gov/Traces/?view=run_browser&acc=SRR38636284,
52,8,Bladder Cancer,SRR38636282,44582460.0,182888871,36943551942,https://sra-pub-run-odp.s3.amazonaws.com/sra/SRR38636282/SRR38636282,https://trace.ncbi.nlm.nih.gov/Traces/?view=run_browser&acc=SRR38636282,
53,8,Bladder Cancer,SRR38636280,44582458.0,176853714,35724450228,https://sra-pub-run-odp.s3.amazonaws.com/sra/SRR38636280/SRR38636280,https://trace.ncbi.nlm.nih.gov/Traces/?view=run_browser&acc=SRR38636280,
54,8,Bladder Cancer,SRR38636278,44582456.0,158155863,31947484326,https://sra-pub-run-odp.s3.amazonaws.com/sra/SRR38636278/SRR38636278,https://trace.ncbi.nlm.nih.gov/Traces/?view=run_browser&acc=SRR38636278,
55,8,Bladder Cancer,SRR38636276,44582454.0,152042273,30712539146,https://sra-pub-run-odp.s3.amazonaws.com/sra/SRR38636276/SRR38636276,https://trace.ncbi.nlm.nih.gov/Traces/?view=run_browser&acc=SRR38636276,
56,8,Bladder Cancer,SRR38636275,44582453.0,122509368,24746892336,https://sra-pub-run-odp.s3.amazonaws.com/sra/SRR38636275/SRR38636275,https://trace.ncbi.nlm.nih.gov/Traces/?view=run_browser&acc=SRR38636275,
57,8,Bladder Cancer,SRR38636273,44582451.0,197561491,39907421182,https://sra-pub-run-odp.s3.amazonaws.com/sra/SRR38636273/SRR38636273,https://trace.ncbi.nlm.nih.gov/Traces/?view=run_browser&acc=SRR38636273,
58,8,Bladder Cancer,SRR38636272,44582450.0,188089385,37994055770,https://sra-pub-run-odp.s3.amazonaws.com/sra/SRR38636272/SRR38636272,https://trace.ncbi.nlm.nih.gov/Traces/?view=run_browser&acc=SRR38636272,
59,8,Bladder Cancer,SRR38636270,44582448.0,160884304,32498629408,https://sra-pub-run-odp.s3.amazonaws.com/sra/SRR38636270/SRR38636270,https://trace.ncbi.nlm.nih.gov/Traces/?view=run_browser&acc=SRR38636270,
60,8,Bladder Cancer,SRR38636319,44582441.0,174898053,35329406706,https://sra-pub-run-odp.s3.amazonaws.com/sra/SRR38636319/SRR38636319,https://trace.ncbi.nlm.nih.gov/Traces/?view=run_browser&acc=SRR38636319,
61,8,Bladder Cancer,SRR38636318,44582440.0,163672522,33061849444,https://sra-pub-run-odp.s3.amazonaws.com/sra/SRR38636318/SRR38636318,https://trace.ncbi.nlm.nih.gov/Traces/?view=run_browser&acc=SRR38636318,
62,8,Bladder Cancer,SRR38636310,44582432.0,151881262,30680014924,https://sra-pub-run-odp.s3.amazonaws.com/sra/SRR38636310/SRR38636310,https://trace.ncbi.nlm.nih.gov/Traces/?view=run_browser&acc=SRR38636310,
63,8,Bladder Cancer,SRR38636308,44582430.0,201072329,40616610458,https://sra-pub-run-odp.s3.amazonaws.com/sra/SRR38636308/SRR38636308,https://trace.ncbi.nlm.nih.gov/Traces/?view=run_browser&acc=SRR38636308,
64,8,Bladder Cancer,SRR38636307,44582429.0,189742906,38328067012,https://sra-pub-run-odp.s3.amazonaws.com/sra/SRR38636307/SRR38636307,https://trace.ncbi.nlm.nih.gov/Traces/?view=run_browser&acc=SRR38636307,
65,8,Bladder Cancer,SRR38636305,44582427.0,185672547,37505854494,https://sra-pub-run-odp.s3.amazonaws.com/sra/SRR38636305/SRR38636305,https://trace.ncbi.nlm.nih.gov/Traces/?view=run_browser&acc=SRR38636305,
66,8,Bladder Cancer,SRR38636259,44582421.0,136902832,27654372064,https://sra-pub-run-odp.s3.amazonaws.com/sra/SRR38636259/SRR38636259,https://trace.ncbi.nlm.nih.gov/Traces/?view=run_browser&acc=SRR38636259,
67,8,Bladder Cancer,SRR38636258,44582420.0,131562887,26575703174,https://sra-pub-run-odp.s3.amazonaws.com/sra/SRR38636258/SRR38636258,https://trace.ncbi.nlm.nih.gov/Traces/?view=run_browser&acc=SRR38636258,
68,8,Bladder Cancer,SRR38636251,44582413.0,154356887,31180091174,https://sra-pub-run-odp.s3.amazonaws.com/sra/SRR38636251/SRR38636251,https://trace.ncbi.nlm.nih.gov/Traces/?view=run_browser&acc=SRR38636251,
69,8,Bladder Cancer,SRR38636249,44582411.0,145615841,29414399882,https://sra-pub-run-odp.s3.amazonaws.com/sra/SRR38636249/SRR38636249,https://trace.ncbi.nlm.nih.gov/Traces/?view=run_browser&acc=SRR38636249,
70,8,Bladder Cancer,SRR38636248,44582410.0,162483179,32821602158,https://sra-pub-run-odp.s3.amazonaws.com/sra/SRR38636248/SRR38636248,https://trace.ncbi.nlm.nih.gov/Traces/?view=run_browser&acc=SRR38636248,
71,8,Bladder Cancer,SRR38636244,44582406.0,189728071,38325070342,https://sra-pub-run-odp.s3.amazonaws.com/sra/SRR38636244/SRR38636244,https://trace.ncbi.nlm.nih.gov/Traces/?view=run_browser&acc=SRR38636244,
72,8,Bladder Cancer,SRR38636243,44582405.0,156609922,31635204244,https://sra-pub-run-odp.s3.amazonaws.com/sra/SRR38636243/SRR38636243,https://trace.ncbi.nlm.nih.gov/Traces/?view=run_browser&acc=SRR38636243,
73,8,Bladder Cancer,SRR38636241,44582403.0,171607025,34664619050,https://sra-pub-run-odp.s3.amazonaws.com/sra/SRR38636241/SRR38636241,https://trace.ncbi.nlm.nih.gov/Traces/?view=run_browser&acc=SRR38636241,
74,8,Bladder Cancer,SRR38636237,44582399.0,134888349,27247446498,https://sra-pub-run-odp.s3.amazonaws.com/sra/SRR38636237/SRR38636237,https://trace.ncbi.nlm.nih.gov/Traces/?view=run_browser&acc=SRR38636237,
75,8,Bladder Cancer,SRR38636236,44582398.0,164510079,33231035958,https://sra-pub-run-odp.s3.amazonaws.com/sra/SRR38636236/SRR38636236,https://trace.ncbi.nlm.nih.gov/Traces/?view=run_browser&acc=SRR38636236,
76,8,Bladder Cancer,SRR38636234,44582396.0,257169051,51948148302,https://sra-pub-run-odp.s3.amazonaws.com/sra/SRR38636234/SRR38636234,https://trace.ncbi.nlm.nih.gov/Traces/?view=run_browser&acc=SRR38636234,
77,8,Bladder Cancer,SRR38636230,44582392.0,215652552,43561815504,https://sra-pub-run-odp.s3.amazonaws.com/sra/SRR38636230/SRR38636230,https://trace.ncbi.nlm.nih.gov/Traces/?view=run_browser&acc=SRR38636230,
78,8,Bladder Cancer,SRR38312651,44206872.0,85852194,25927362588,https://sra-pub-run-odp.s3.amazonaws.com/sra/SRR38312651/SRR38312651,https://trace.ncbi.nlm.nih.gov/Traces/?view=run_browser&acc=SRR38312651,
79,8,Bladder Cancer,SRR38312652,44206871.0,71287838,21528927076,https://sra-pub-run-odp.s3.amazonaws.com/sra/SRR38312652/SRR38312652,https://trace.ncbi.nlm.nih.gov/Traces/?view=run_browser&acc=SRR38312652,
80,8,Bladder Cancer,SRR38312653,44206870.0,75773820,22883693640,https://sra-pub-run-odp.s3.amazonaws.com/sra/SRR38312653/SRR38312653,https://trace.ncbi.nlm.nih.gov/Traces/?view=run_browser&acc=SRR38312653,
81,8,Bladder Cancer,SRR38312654,44206869.0,83691562,25274851724,https://sra-pub-run-odp.s3.amazonaws.com/sra/SRR38312654/SRR38312654,https://trace.ncbi.nlm.nih.gov/Traces/?view=run_browser&acc=SRR38312654,
82,8,Bladder Cancer,SRR38312655,44206868.0,72517330,21900233660,https://sra-pub-run-odp.s3.amazonaws.com/sra/SRR38312655/SRR38312655,https://trace.ncbi.nlm.nih.gov/Traces/?view=run_browser&acc=SRR38312655,
83,8,Bladder Cancer,SRR38312656,44206867.0,87631551,26464728402,https://sra-pub-run-odp.s3.amazonaws.com/sra/SRR38312656/SRR38312656,https://trace.ncbi.nlm.nih.gov/Traces/?view=run_browser&acc=SRR38312656,
84,8,Bladder Cancer,SRR38312657,44206866.0,78092017,23583789134,https://sra-pub-run-odp.s3.amazonaws.com/sra/SRR38312657/SRR38312657,https://trace.ncbi.nlm.nih.gov/Traces/?view=run_browser&acc=SRR38312657,
85,8,Bladder Cancer,SRR38312658,44206865.0,69912050,21113439100,https://sra-pub-run-odp.s3.amazonaws.com/sra/SRR38312658/SRR38312658,https://trace.ncbi.nlm.nih.gov/Traces/?view=run_browser&acc=SRR38312658,
86,8,Bladder Cancer,SRR38312659,44206864.0,71175026,21494857852,https://sra-pub-run-odp.s3.amazonaws.com/sra/SRR38312659/SRR38312659,https://trace.ncbi.nlm.nih.gov/Traces/?view=run_browser&acc=SRR38312659,
87,8,Bladder Cancer,SRR38312660,44206863.0,71923635,21720937770,https://sra-pub-run-odp.s3.amazonaws.com/sra/SRR38312660/SRR38312660,https://trace.ncbi.nlm.nih.gov/Traces/?view=run_browser&acc=SRR38312660,
88,8,Bladder Cancer,SRR38312661,44206862.0,86137535,26013535570,https://sra-pub-run-odp.s3.amazonaws.com/sra/SRR38312661/SRR38312661,https://trace.ncbi.nlm.nih.gov/Traces/?view=run_browser&acc=SRR38312661,
89,8,Bladder Cancer,SRR38312662,44206861.0,66888862,20200436324,https://sra-pub-run-odp.s3.amazonaws.com/sra/SRR38312662/SRR38312662,https://trace.ncbi.nlm.nih.gov/Traces/?view=run_browser&acc=SRR38312662,
90,8,Bladder Cancer,SRR38312663,44206860.0,82251059,24839819818,https://sra-pub-run-odp.s3.amazonaws.com/sra/SRR38312663/SRR38312663,https://trace.ncbi.nlm.nih.gov/Traces/?view=run_browser&acc=SRR38312663,
91,8,Bladder Cancer,SRR38312664,44206859.0,73846257,22301569614,https://sra-pub-run-odp.s3.amazonaws.com/sra/SRR38312664/SRR38312664,https://trace.ncbi.nlm.nih.gov/Traces/?view=run_browser&acc=SRR38312664,
92,8,Bladder Cancer,SRR38312665,44206858.0,64967552,19620200704,https://sra-pub-run-odp.s3.amazonaws.com/sra/SRR38312665/SRR38312665,https://trace.ncbi.nlm.nih.gov/Traces/?view=run_browser&acc=SRR38312665,
93,8,Bladder Cancer,SRR38312666,44206857.0,75182245,22705037990,https://sra-pub-run-odp.s3.amazonaws.com/sra/SRR38312666/SRR38312666,https://trace.ncbi.nlm.nih.gov/Traces/?view=run_browser&acc=SRR38312666,
94,8,Bladder Cancer,SRR38312667,44206856.0,72636162,21936120924,https://sra-pub-run-odp.s3.amazonaws.com/sra/SRR38312667/SRR38312667,https://trace.ncbi.nlm.nih.gov/Traces/?view=run_browser&acc=SRR38312667,
95,8,Bladder Cancer,SRR38312668,44206855.0,78537182,23718228964,https://sra-pub-run-odp.s3.amazonaws.com/sra/SRR38312668/SRR38312668,https://trace.ncbi.nlm.nih.gov/Traces/?view=run_browser&acc=SRR38312668,
96,8,Bladder Cancer,SRR38312669,44206854.0,71364628,21552117656,https://sra-pub-run-odp.s3.amazonaws.com/sra/SRR38312669/SRR38312669,https://trace.ncbi.nlm.nih.gov/Traces/?view=run_browser&acc=SRR38312669,
97,8,Bladder Cancer,SRR38312670,44206853.0,69259010,20916221020,https://sra-pub-run-odp.s3.amazonaws.com/sra/SRR38312670/SRR38312670,https://trace.ncbi.nlm.nih.gov/Traces/?view=run_browser&acc=SRR38312670,
98,8,Bladder Cancer,SRR38312671,44206852.0,87185899,26330141498,https://sra-pub-run-odp.s3.amazonaws.com/sra/SRR38312671/SRR38312671,https://trace.ncbi.nlm.nih.gov/Traces/?view=run_browser&acc=SRR38312671,
99,8,Bladder Cancer,SRR38312672,44206851.0,88261850,26655078700,https://sra-pub-run-odp.s3.amazonaws.com/sra/SRR38312672/SRR38312672,https://trace.ncbi.nlm.nih.gov/Traces/?view=run_browser&acc=SRR38312672,
100,8,Bladder Cancer,SRR38312673,44206850.0,62157428,18771543256,https://sra-pub-run-odp.s3.amazonaws.com/sra/SRR38312673/SRR38312673,https://trace.ncbi.nlm.nih.gov/Traces/?view=run_browser&acc=SRR38312673,
1,9,Cervical Cancer,SRR40723926,46816398.0,20513643,6154092900,https://sra-pub-run-odp.s3.amazonaws.com/sra/SRR40723926/SRR40723926,https://trace.ncbi.nlm.nih.gov/Traces/?view=run_browser&acc=SRR40723926,
2,9,Cervical Cancer,SRR40723928,46816396.0,52680422,15804126600,https://sra-pub-run-odp.s3.amazonaws.com/sra/SRR40723928/SRR40723928,https://trace.ncbi.nlm.nih.gov/Traces/?view=run_browser&acc=SRR40723928,
3,9,Cervical Cancer,SRR40723927,46816397.0,22632422,6789726600,https://sra-pub-run-odp.s3.amazonaws.com/sra/SRR40723927/SRR40723927,https://trace.ncbi.nlm.nih.gov/Traces/?view=run_browser&acc=SRR40723927,
4,9,Cervical Cancer,SRR40592001,46668097.0,8204801,2461440300,https://sra-pub-run-odp.s3.amazonaws.com/sra/SRR40592001/SRR40592001,https://trace.ncbi.nlm.nih.gov/Traces/?view=run_browser&acc=SRR40592001,
5,9,Cervical Cancer,SRR40592002,46668096.0,7919992,2375997600,https://sra-pub-run-odp.s3.amazonaws.com/sra/SRR40592002/SRR40592002,https://trace.ncbi.nlm.nih.gov/Traces/?view=run_browser&acc=SRR40592002,
6,9,Cervical Cancer,SRR40592003,46668095.0,5982800,1794840000,https://sra-pub-run-odp.s3.amazonaws.com/sra/SRR40592003/SRR40592003,https://trace.ncbi.nlm.nih.gov/Traces/?view=run_browser&acc=SRR40592003,
7,9,Cervical Cancer,SRR40592004,46668094.0,6172678,1851803400,https://sra-pub-run-odp.s3.amazonaws.com/sra/SRR40592004/SRR40592004,https://trace.ncbi.nlm.nih.gov/Traces/?view=run_browser&acc=SRR40592004,
8,9,Cervical Cancer,SRR40592005,46668093.0,5778154,1733446200,https://sra-pub-run-odp.s3.amazonaws.com/sra/SRR40592005/SRR40592005,https://trace.ncbi.nlm.nih.gov/Traces/?view=run_browser&acc=SRR40592005,
9,9,Cervical Cancer,SRR40592006,46668092.0,3740286,1122085800,https://sra-pub-run-odp.s3.amazonaws.com/sra/SRR40592006/SRR40592006,https://trace.ncbi.nlm.nih.gov/Traces/?view=run_browser&acc=SRR40592006,
10,9,Cervical Cancer,SRR40592016,46668082.0,25206073,7561821900,https://sra-pub-run-odp.s3.amazonaws.com/sra/SRR40592016/SRR40592016,https://trace.ncbi.nlm.nih.gov/Traces/?view=run_browser&acc=SRR40592016,
11,9,Cervical Cancer,SRR40592017,46668081.0,26905320,8071596000,https://sra-pub-run-odp.s3.amazonaws.com/sra/SRR40592017/SRR40592017,https://trace.ncbi.nlm.nih.gov/Traces/?view=run_browser&acc=SRR40592017,
12,9,Cervical Cancer,SRR40592018,46668080.0,20696423,6208926900,https://sra-pub-run-odp.s3.amazonaws.com/sra/SRR40592018/SRR40592018,https://trace.ncbi.nlm.nih.gov/Traces/?view=run_browser&acc=SRR40592018,
13,9,Cervical Cancer,SRR40592019,46668079.0,21395557,6418667100,https://sra-pub-run-odp.s3.amazonaws.com/sra/SRR40592019/SRR40592019,https://trace.ncbi.nlm.nih.gov/Traces/?view=run_browser&acc=SRR40592019,
14,9,Cervical Cancer,SRR40592020,46668078.0,23084886,6925465800,https://sra-pub-run-odp.s3.amazonaws.com/sra/SRR40592020/SRR40592020,https://trace.ncbi.nlm.nih.gov/Traces/?view=run_browser&acc=SRR40592020,
15,9,Cervical Cancer,SRR40592021,46668077.0,22719061,6815718300,https://sra-pub-run-odp.s3.amazonaws.com/sra/SRR40592021/SRR40592021,https://trace.ncbi.nlm.nih.gov/Traces/?view=run_browser&acc=SRR40592021,
16,9,Cervical Cancer,SRR40583371,46665468.0,33449231,6756744662,https://sra-pub-run-odp.s3.amazonaws.com/sra/SRR40583371/SRR40583371,https://trace.ncbi.nlm.nih.gov/Traces/?view=run_browser&acc=SRR40583371,
17,9,Cervical Cancer,SRR40583372,46665467.0,33220355,6710511710,https://sra-pub-run-odp.s3.amazonaws.com/sra/SRR40583372/SRR40583372,https://trace.ncbi.nlm.nih.gov/Traces/?view=run_browser&acc=SRR40583372,
18,9,Cervical Cancer,SRR40583373,46665466.0,36069696,7286078592,https://sra-pub-run-odp.s3.amazonaws.com/sra/SRR40583373/SRR40583373,https://trace.ncbi.nlm.nih.gov/Traces/?view=run_browser&acc=SRR40583373,
19,9,Cervical Cancer,SRR40583374,46665465.0,42037803,8491636206,https://sra-pub-run-odp.s3.amazonaws.com/sra/SRR40583374/SRR40583374,https://trace.ncbi.nlm.nih.gov/Traces/?view=run_browser&acc=SRR40583374,
20,9,Cervical Cancer,SRR40583375,46665464.0,39153200,7908946400,https://sra-pub-run-odp.s3.amazonaws.com/sra/SRR40583375/SRR40583375,https://trace.ncbi.nlm.nih.gov/Traces/?view=run_browser&acc=SRR40583375,
21,9,Cervical Cancer,SRR40583376,46665463.0,25344684,5119626168,https://sra-pub-run-odp.s3.amazonaws.com/sra/SRR40583376/SRR40583376,https://trace.ncbi.nlm.nih.gov/Traces/?view=run_browser&acc=SRR40583376,
22,9,Cervical Cancer,SRR40583377,46665462.0,29006793,5859372186,https://sra-pub-run-odp.s3.amazonaws.com/sra/SRR40583377/SRR40583377,https://trace.ncbi.nlm.nih.gov/Traces/?view=run_browser&acc=SRR40583377,
23,9,Cervical Cancer,SRR40583378,46665461.0,31550307,6373162014,https://sra-pub-run-odp.s3.amazonaws.com/sra/SRR40583378/SRR40583378,https://trace.ncbi.nlm.nih.gov/Traces/?view=run_browser&acc=SRR40583378,
24,9,Cervical Cancer,SRR40583379,46665460.0,36433908,7359649416,https://sra-pub-run-odp.s3.amazonaws.com/sra/SRR40583379/SRR40583379,https://trace.ncbi.nlm.nih.gov/Traces/?view=run_browser&acc=SRR40583379,
25,9,Cervical Cancer,SRR40583380,46665459.0,40955916,8273095032,https://sra-pub-run-odp.s3.amazonaws.com/sra/SRR40583380/SRR40583380,https://trace.ncbi.nlm.nih.gov/Traces/?view=run_browser&acc=SRR40583380,
26,9,Cervical Cancer,SRR40583381,46665458.0,41126725,8307598450,https://sra-pub-run-odp.s3.amazonaws.com/sra/SRR40583381/SRR40583381,https://trace.ncbi.nlm.nih.gov/Traces/?view=run_browser&acc=SRR40583381,
27,9,Cervical Cancer,SRR40583382,46665457.0,32749621,6615423442,https://sra-pub-run-odp.s3.amazonaws.com/sra/SRR40583382/SRR40583382,https://trace.ncbi.nlm.nih.gov/Traces/?view=run_browser&acc=SRR40583382,
28,9,Cervical Cancer,SRR40583383,46665456.0,32847273,6635149146,https://sra-pub-run-odp.s3.amazonaws.com/sra/SRR40583383/SRR40583383,https://trace.ncbi.nlm.nih.gov/Traces/?view=run_browser&acc=SRR40583383,
29,9,Cervical Cancer,SRR40583384,46665455.0,30348798,6130457196,https://sra-pub-run-odp.s3.amazonaws.com/sra/SRR40583384/SRR40583384,https://trace.ncbi.nlm.nih.gov/Traces/?view=run_browser&acc=SRR40583384,
30,9,Cervical Cancer,SRR40583385,46665454.0,37545807,7584253014,https://sra-pub-run-odp.s3.amazonaws.com/sra/SRR40583385/SRR40583385,https://trace.ncbi.nlm.nih.gov/Traces/?view=run_browser&acc=SRR40583385,
31,9,Cervical Cancer,SRR40583386,46665453.0,42654891,8616287982,https://sra-pub-run-odp.s3.amazonaws.com/sra/SRR40583386/SRR40583386,https://trace.ncbi.nlm.nih.gov/Traces/?view=run_browser&acc=SRR40583386,
32,9,Cervical Cancer,SRR40583387,46665452.0,43396675,8766128350,https://sra-pub-run-odp.s3.amazonaws.com/sra/SRR40583387/SRR40583387,https://trace.ncbi.nlm.nih.gov/Traces/?view=run_browser&acc=SRR40583387,
33,9,Cervical Cancer,SRR40583388,46665451.0,32925757,6651002914,https://sra-pub-run-odp.s3.amazonaws.com/sra/SRR40583388/SRR40583388,https://trace.ncbi.nlm.nih.gov/Traces/?view=run_browser&acc=SRR40583388,
34,9,Cervical Cancer,SRR40583389,46665450.0,35030703,7076202006,https://sra-pub-run-odp.s3.amazonaws.com/sra/SRR40583389/SRR40583389,https://trace.ncbi.nlm.nih.gov/Traces/?view=run_browser&acc=SRR40583389,
35,9,Cervical Cancer,SRR40583390,46665449.0,39506601,7980333402,https://sra-pub-run-odp.s3.amazonaws.com/sra/SRR40583390/SRR40583390,https://trace.ncbi.nlm.nih.gov/Traces/?view=run_browser&acc=SRR40583390,
36,9,Cervical Cancer,SRR40583391,46665448.0,34735059,7016481918,https://sra-pub-run-odp.s3.amazonaws.com/sra/SRR40583391/SRR40583391,https://trace.ncbi.nlm.nih.gov/Traces/?view=run_browser&acc=SRR40583391,
37,9,Cervical Cancer,SRR40583392,46665447.0,40677673,8216889946,https://sra-pub-run-odp.s3.amazonaws.com/sra/SRR40583392/SRR40583392,https://trace.ncbi.nlm.nih.gov/Traces/?view=run_browser&acc=SRR40583392,
38,9,Cervical Cancer,SRR40583393,46665446.0,31245582,6311607564,https://sra-pub-run-odp.s3.amazonaws.com/sra/SRR40583393/SRR40583393,https://trace.ncbi.nlm.nih.gov/Traces/?view=run_browser&acc=SRR40583393,
39,9,Cervical Cancer,SRR40583394,46665445.0,37277597,7530074594,https://sra-pub-run-odp.s3.amazonaws.com/sra/SRR40583394/SRR40583394,https://trace.ncbi.nlm.nih.gov/Traces/?view=run_browser&acc=SRR40583394,
40,9,Cervical Cancer,SRR40501106,46565451.0,16906825,5072047500,https://sra-pub-run-odp.s3.amazonaws.com/sra/SRR40501106/SRR40501106,https://trace.ncbi.nlm.nih.gov/Traces/?view=run_browser&acc=SRR40501106,
41,9,Cervical Cancer,SRR40501107,46565450.0,22999503,6899850900,https://sra-pub-run-odp.s3.amazonaws.com/sra/SRR40501107/SRR40501107,https://trace.ncbi.nlm.nih.gov/Traces/?view=run_browser&acc=SRR40501107,
42,9,Cervical Cancer,SRR40501108,46565449.0,23416914,7025074200,https://sra-pub-run-odp.s3.amazonaws.com/sra/SRR40501108/SRR40501108,https://trace.ncbi.nlm.nih.gov/Traces/?view=run_browser&acc=SRR40501108,
43,9,Cervical Cancer,SRR40501109,46565448.0,36584305,10975291500,https://sra-pub-run-odp.s3.amazonaws.com/sra/SRR40501109/SRR40501109,https://trace.ncbi.nlm.nih.gov/Traces/?view=run_browser&acc=SRR40501109,
44,9,Cervical Cancer,SRR40501110,46565447.0,20583672,6175101600,https://sra-pub-run-odp.s3.amazonaws.com/sra/SRR40501110/SRR40501110,https://trace.ncbi.nlm.nih.gov/Traces/?view=run_browser&acc=SRR40501110,
45,9,Cervical Cancer,SRR40501111,46565446.0,32788773,9836631900,https://sra-pub-run-odp.s3.amazonaws.com/sra/SRR40501111/SRR40501111,https://trace.ncbi.nlm.nih.gov/Traces/?view=run_browser&acc=SRR40501111,
46,9,Cervical Cancer,SRR40501112,46565445.0,35333015,10599904500,https://sra-pub-run-odp.s3.amazonaws.com/sra/SRR40501112/SRR40501112,https://trace.ncbi.nlm.nih.gov/Traces/?view=run_browser&acc=SRR40501112,
47,9,Cervical Cancer,SRR40501116,46565444.0,29054592,8716377600,https://sra-pub-run-odp.s3.amazonaws.com/sra/SRR40501116/SRR40501116,https://trace.ncbi.nlm.nih.gov/Traces/?view=run_browser&acc=SRR40501116,
48,9,Cervical Cancer,SRR40501113,46565443.0,23845858,7153757400,https://sra-pub-run-odp.s3.amazonaws.com/sra/SRR40501113/SRR40501113,https://trace.ncbi.nlm.nih.gov/Traces/?view=run_browser&acc=SRR40501113,
49,9,Cervical Cancer,SRR40501114,46565442.0,29633918,8890175400,https://sra-pub-run-odp.s3.amazonaws.com/sra/SRR40501114/SRR40501114,https://trace.ncbi.nlm.nih.gov/Traces/?view=run_browser&acc=SRR40501114,
50,9,Cervical Cancer,SRR40501115,46565441.0,258376999,77513099700,https://sra-pub-run-odp.s3.amazonaws.com/sra/SRR40501115/SRR40501115,https://trace.ncbi.nlm.nih.gov/Traces/?view=run_browser&acc=SRR40501115,
51,9,Cervical Cancer,SRR40501117,46565440.0,24962200,7488660000,https://sra-pub-run-odp.s3.amazonaws.com/sra/SRR40501117/SRR40501117,https://trace.ncbi.nlm.nih.gov/Traces/?view=run_browser&acc=SRR40501117,
52,9,Cervical Cancer,SRR40501118,46565439.0,30428443,9128532900,https://sra-pub-run-odp.s3.amazonaws.com/sra/SRR40501118/SRR40501118,https://trace.ncbi.nlm.nih.gov/Traces/?view=run_browser&acc=SRR40501118,
53,9,Cervical Cancer,SRR40501119,46565438.0,22920935,6876280500,https://sra-pub-run-odp.s3.amazonaws.com/sra/SRR40501119/SRR40501119,https://trace.ncbi.nlm.nih.gov/Traces/?view=run_browser&acc=SRR40501119,
54,9,Cervical Cancer,SRR40501120,46565437.0,33782203,10134660900,https://sra-pub-run-odp.s3.amazonaws.com/sra/SRR40501120/SRR40501120,https://trace.ncbi.nlm.nih.gov/Traces/?view=run_browser&acc=SRR40501120,
55,9,Cervical Cancer,SRR40341544,46402580.0,23557549,7114379798,https://sra-pub-run-odp.s3.amazonaws.com/sra/SRR40341544/SRR40341544,https://trace.ncbi.nlm.nih.gov/Traces/?view=run_browser&acc=SRR40341544,
56,9,Cervical Cancer,SRR40341545,46402579.0,23769265,7178318030,https://sra-pub-run-odp.s3.amazonaws.com/sra/SRR40341545/SRR40341545,https://trace.ncbi.nlm.nih.gov/Traces/?view=run_browser&acc=SRR40341545,
57,9,Cervical Cancer,SRR40341546,46402578.0,26202977,7913299054,https://sra-pub-run-odp.s3.amazonaws.com/sra/SRR40341546/SRR40341546,https://trace.ncbi.nlm.nih.gov/Traces/?view=run_browser&acc=SRR40341546,
58,9,Cervical Cancer,SRR40341547,46402577.0,23470617,7088126334,https://sra-pub-run-odp.s3.amazonaws.com/sra/SRR40341547/SRR40341547,https://trace.ncbi.nlm.nih.gov/Traces/?view=run_browser&acc=SRR40341547,
59,9,Cervical Cancer,SRR40341548,46402576.0,24586976,7425266752,https://sra-pub-run-odp.s3.amazonaws.com/sra/SRR40341548/SRR40341548,https://trace.ncbi.nlm.nih.gov/Traces/?view=run_browser&acc=SRR40341548,
60,9,Cervical Cancer,SRR40341549,46402575.0,23320290,7042727580,https://sra-pub-run-odp.s3.amazonaws.com/sra/SRR40341549/SRR40341549,https://trace.ncbi.nlm.nih.gov/Traces/?view=run_browser&acc=SRR40341549,
61,9,Cervical Cancer,SRR40231404,46273988.0,234954,70956108,https://sra-pub-run-odp.s3.amazonaws.com/sra/SRR40231404/SRR40231404,https://trace.ncbi.nlm.nih.gov/Traces/?view=run_browser&acc=SRR40231404,
62,9,Cervical Cancer,SRR40231405,46273987.0,206974,62506148,https://sra-pub-run-odp.s3.amazonaws.com/sra/SRR40231405/SRR40231405,https://trace.ncbi.nlm.nih.gov/Traces/?view=run_browser&acc=SRR40231405,
63,9,Cervical Cancer,SRR40231406,46273986.0,125562,37919724,https://sra-pub-run-odp.s3.amazonaws.com/sra/SRR40231406/SRR40231406,https://trace.ncbi.nlm.nih.gov/Traces/?view=run_browser&acc=SRR40231406,
64,9,Cervical Cancer,SRR40231407,46273985.0,28018,8461436,https://sra-pub-run-odp.s3.amazonaws.com/sra/SRR40231407/SRR40231407,https://trace.ncbi.nlm.nih.gov/Traces/?view=run_browser&acc=SRR40231407,
65,9,Cervical Cancer,SRR40231408,46273984.0,122230,36913460,https://sra-pub-run-odp.s3.amazonaws.com/sra/SRR40231408/SRR40231408,https://trace.ncbi.nlm.nih.gov/Traces/?view=run_browser&acc=SRR40231408,
66,9,Cervical Cancer,SRR40231409,46273983.0,76471,23094242,https://sra-pub-run-odp.s3.amazonaws.com/sra/SRR40231409/SRR40231409,https://trace.ncbi.nlm.nih.gov/Traces/?view=run_browser&acc=SRR40231409,
67,9,Cervical Cancer,SRR40231410,46273982.0,112304,33915808,https://sra-pub-run-odp.s3.amazonaws.com/sra/SRR40231410/SRR40231410,https://trace.ncbi.nlm.nih.gov/Traces/?view=run_browser&acc=SRR40231410,
68,9,Cervical Cancer,SRR40231411,46273981.0,117594,35513388,https://sra-pub-run-odp.s3.amazonaws.com/sra/SRR40231411/SRR40231411,https://trace.ncbi.nlm.nih.gov/Traces/?view=run_browser&acc=SRR40231411,
69,9,Cervical Cancer,SRR40231412,46273980.0,122039,36855778,https://sra-pub-run-odp.s3.amazonaws.com/sra/SRR40231412/SRR40231412,https://trace.ncbi.nlm.nih.gov/Traces/?view=run_browser&acc=SRR40231412,
70,9,Cervical Cancer,SRR40231414,46273978.0,102783,31040466,https://sra-pub-run-odp.s3.amazonaws.com/sra/SRR40231414/SRR40231414,https://trace.ncbi.nlm.nih.gov/Traces/?view=run_browser&acc=SRR40231414,
71,9,Cervical Cancer,SRR40231415,46273977.0,128216,38721232,https://sra-pub-run-odp.s3.amazonaws.com/sra/SRR40231415/SRR40231415,https://trace.ncbi.nlm.nih.gov/Traces/?view=run_browser&acc=SRR40231415,
72,9,Cervical Cancer,SRR40231416,46273976.0,118912,35911424,https://sra-pub-run-odp.s3.amazonaws.com/sra/SRR40231416/SRR40231416,https://trace.ncbi.nlm.nih.gov/Traces/?view=run_browser&acc=SRR40231416,
73,9,Cervical Cancer,SRR40231417,46273975.0,194064,58607328,https://sra-pub-run-odp.s3.amazonaws.com/sra/SRR40231417/SRR40231417,https://trace.ncbi.nlm.nih.gov/Traces/?view=run_browser&acc=SRR40231417,
74,9,Cervical Cancer,SRR40231418,46273974.0,120034,36250268,https://sra-pub-run-odp.s3.amazonaws.com/sra/SRR40231418/SRR40231418,https://trace.ncbi.nlm.nih.gov/Traces/?view=run_browser&acc=SRR40231418,
75,9,Cervical Cancer,SRR40231419,46273973.0,109882,33184364,https://sra-pub-run-odp.s3.amazonaws.com/sra/SRR40231419/SRR40231419,https://trace.ncbi.nlm.nih.gov/Traces/?view=run_browser&acc=SRR40231419,
76,9,Cervical Cancer,SRR40231420,46273972.0,65601,19811502,https://sra-pub-run-odp.s3.amazonaws.com/sra/SRR40231420/SRR40231420,https://trace.ncbi.nlm.nih.gov/Traces/?view=run_browser&acc=SRR40231420,
77,9,Cervical Cancer,SRR40231421,46273971.0,110322,33317244,https://sra-pub-run-odp.s3.amazonaws.com/sra/SRR40231421/SRR40231421,https://trace.ncbi.nlm.nih.gov/Traces/?view=run_browser&acc=SRR40231421,
78,9,Cervical Cancer,SRR40231422,46273970.0,124151,37493602,https://sra-pub-run-odp.s3.amazonaws.com/sra/SRR40231422/SRR40231422,https://trace.ncbi.nlm.nih.gov/Traces/?view=run_browser&acc=SRR40231422,
79,9,Cervical Cancer,SRR40231423,46273969.0,95609,28873918,https://sra-pub-run-odp.s3.amazonaws.com/sra/SRR40231423/SRR40231423,https://trace.ncbi.nlm.nih.gov/Traces/?view=run_browser&acc=SRR40231423,
80,9,Cervical Cancer,SRR40231424,46273968.0,245190,74047380,https://sra-pub-run-odp.s3.amazonaws.com/sra/SRR40231424/SRR40231424,https://trace.ncbi.nlm.nih.gov/Traces/?view=run_browser&acc=SRR40231424,
81,9,Cervical Cancer,SRR40231426,46273966.0,78261,23634822,https://sra-pub-run-odp.s3.amazonaws.com/sra/SRR40231426/SRR40231426,https://trace.ncbi.nlm.nih.gov/Traces/?view=run_browser&acc=SRR40231426,
82,9,Cervical Cancer,SRR40231427,46273965.0,78767,23787634,https://sra-pub-run-odp.s3.amazonaws.com/sra/SRR40231427/SRR40231427,https://trace.ncbi.nlm.nih.gov/Traces/?view=run_browser&acc=SRR40231427,
83,9,Cervical Cancer,SRR40231428,46273964.0,152626,46093052,https://sra-pub-run-odp.s3.amazonaws.com/sra/SRR40231428/SRR40231428,https://trace.ncbi.nlm.nih.gov/Traces/?view=run_browser&acc=SRR40231428,
84,9,Cervical Cancer,SRR40231429,46273963.0,129779,39193258,https://sra-pub-run-odp.s3.amazonaws.com/sra/SRR40231429/SRR40231429,https://trace.ncbi.nlm.nih.gov/Traces/?view=run_browser&acc=SRR40231429,
85,9,Cervical Cancer,SRR40231430,46273962.0,49520,14955040,https://sra-pub-run-odp.s3.amazonaws.com/sra/SRR40231430/SRR40231430,https://trace.ncbi.nlm.nih.gov/Traces/?view=run_browser&acc=SRR40231430,
86,9,Cervical Cancer,SRR40231431,46273961.0,205017,61915134,https://sra-pub-run-odp.s3.amazonaws.com/sra/SRR40231431/SRR40231431,https://trace.ncbi.nlm.nih.gov/Traces/?view=run_browser&acc=SRR40231431,
87,9,Cervical Cancer,SRR40231432,46273960.0,158256,47793312,https://sra-pub-run-odp.s3.amazonaws.com/sra/SRR40231432/SRR40231432,https://trace.ncbi.nlm.nih.gov/Traces/?view=run_browser&acc=SRR40231432,
88,9,Cervical Cancer,SRR40231433,46273959.0,53383,16121666,https://sra-pub-run-odp.s3.amazonaws.com/sra/SRR40231433/SRR40231433,https://trace.ncbi.nlm.nih.gov/Traces/?view=run_browser&acc=SRR40231433,
89,9,Cervical Cancer,SRR40231434,46273958.0,116853,35289606,https://sra-pub-run-odp.s3.amazonaws.com/sra/SRR40231434/SRR40231434,https://trace.ncbi.nlm.nih.gov/Traces/?view=run_browser&acc=SRR40231434,
90,9,Cervical Cancer,SRR40231435,46273957.0,127905,38627310,https://sra-pub-run-odp.s3.amazonaws.com/sra/SRR40231435/SRR40231435,https://trace.ncbi.nlm.nih.gov/Traces/?view=run_browser&acc=SRR40231435,
91,9,Cervical Cancer,SRR40231438,46273954.0,157376,47527552,https://sra-pub-run-odp.s3.amazonaws.com/sra/SRR40231438/SRR40231438,https://trace.ncbi.nlm.nih.gov/Traces/?view=run_browser&acc=SRR40231438,
92,9,Cervical Cancer,SRR40231439,46273953.0,155897,47080894,https://sra-pub-run-odp.s3.amazonaws.com/sra/SRR40231439/SRR40231439,https://trace.ncbi.nlm.nih.gov/Traces/?view=run_browser&acc=SRR40231439,
93,9,Cervical Cancer,SRR40231440,46273952.0,141204,42643608,https://sra-pub-run-odp.s3.amazonaws.com/sra/SRR40231440/SRR40231440,https://trace.ncbi.nlm.nih.gov/Traces/?view=run_browser&acc=SRR40231440,
94,9,Cervical Cancer,SRR40231441,46273951.0,65900,19901800,https://sra-pub-run-odp.s3.amazonaws.com/sra/SRR40231441/SRR40231441,https://trace.ncbi.nlm.nih.gov/Traces/?view=run_browser&acc=SRR40231441,
95,9,Cervical Cancer,SRR40231442,46273950.0,100680,30405360,https://sra-pub-run-odp.s3.amazonaws.com/sra/SRR40231442/SRR40231442,https://trace.ncbi.nlm.nih.gov/Traces/?view=run_browser&acc=SRR40231442,
96,9,Cervical Cancer,SRR40231443,46273949.0,138073,41698046,https://sra-pub-run-odp.s3.amazonaws.com/sra/SRR40231443/SRR40231443,https://trace.ncbi.nlm.nih.gov/Traces/?view=run_browser&acc=SRR40231443,
97,9,Cervical Cancer,SRR40231444,46273948.0,146803,44334506,https://sra-pub-run-odp.s3.amazonaws.com/sra/SRR40231444/SRR40231444,https://trace.ncbi.nlm.nih.gov/Traces/?view=run_browser&acc=SRR40231444,
98,9,Cervical Cancer,SRR40231059,46273830.0,107340,32416680,https://sra-pub-run-odp.s3.amazonaws.com/sra/SRR40231059/SRR40231059,https://trace.ncbi.nlm.nih.gov/Traces/?view=run_browser&acc=SRR40231059,
99,9,Cervical Cancer,SRR40231061,46273829.0,96292,29080184,https://sra-pub-run-odp.s3.amazonaws.com/sra/SRR40231061/SRR40231061,https://trace.ncbi.nlm.nih.gov/Traces/?view=run_browser&acc=SRR40231061,
100,9,Cervical Cancer,SRR40231062,46273828.0,123832,37397264,https://sra-pub-run-odp.s3.amazonaws.com/sra/SRR40231062/SRR40231062,https://trace.ncbi.nlm.nih.gov/Traces/?view=run_browser&acc=SRR40231062,
1,10,Non-Hodgkin Lymphoma,SRR40853866,46976247.0,27998788,8399636400,https://sra-pub-run-odp.s3.amazonaws.com/sra/SRR40853866/SRR40853866,https://trace.ncbi.nlm.nih.gov/Traces/?view=run_browser&acc=SRR40853866,
2,10,Non-Hodgkin Lymphoma,SRR40853867,46976246.0,26320046,7896013800,https://sra-pub-run-odp.s3.amazonaws.com/sra/SRR40853867/SRR40853867,https://trace.ncbi.nlm.nih.gov/Traces/?view=run_browser&acc=SRR40853867,
3,10,Non-Hodgkin Lymphoma,SRR40853870,46976243.0,25915305,7774591500,https://sra-pub-run-odp.s3.amazonaws.com/sra/SRR40853870/SRR40853870,https://trace.ncbi.nlm.nih.gov/Traces/?view=run_browser&acc=SRR40853870,
4,10,Non-Hodgkin Lymphoma,SRR40853872,46976241.0,25134538,7540361400,https://sra-pub-run-odp.s3.amazonaws.com/sra/SRR40853872/SRR40853872,https://trace.ncbi.nlm.nih.gov/Traces/?view=run_browser&acc=SRR40853872,
5,10,Non-Hodgkin Lymphoma,SRR40853873,46976240.0,24891728,7467518400,https://sra-pub-run-odp.s3.amazonaws.com/sra/SRR40853873/SRR40853873,https://trace.ncbi.nlm.nih.gov/Traces/?view=run_browser&acc=SRR40853873,
6,10,Non-Hodgkin Lymphoma,SRR40853875,46976238.0,21249655,6374896500,https://sra-pub-run-odp.s3.amazonaws.com/sra/SRR40853875/SRR40853875,https://trace.ncbi.nlm.nih.gov/Traces/?view=run_browser&acc=SRR40853875,
7,10,Non-Hodgkin Lymphoma,SRR40853864,46976249.0,22958800,6887640000,https://sra-pub-run-odp.s3.amazonaws.com/sra/SRR40853864/SRR40853864,https://trace.ncbi.nlm.nih.gov/Traces/?view=run_browser&acc=SRR40853864,
8,10,Non-Hodgkin Lymphoma,SRR40853865,46976248.0,27712302,8313690600,https://sra-pub-run-odp.s3.amazonaws.com/sra/SRR40853865/SRR40853865,https://trace.ncbi.nlm.nih.gov/Traces/?view=run_browser&acc=SRR40853865,
9,10,Non-Hodgkin Lymphoma,SRR40853868,46976245.0,24814286,7444285800,https://sra-pub-run-odp.s3.amazonaws.com/sra/SRR40853868/SRR40853868,https://trace.ncbi.nlm.nih.gov/Traces/?view=run_browser&acc=SRR40853868,
10,10,Non-Hodgkin Lymphoma,SRR40853869,46976244.0,25956463,7786938900,https://sra-pub-run-odp.s3.amazonaws.com/sra/SRR40853869/SRR40853869,https://trace.ncbi.nlm.nih.gov/Traces/?view=run_browser&acc=SRR40853869,
11,10,Non-Hodgkin Lymphoma,SRR40853871,46976242.0,24121675,7236502500,https://sra-pub-run-odp.s3.amazonaws.com/sra/SRR40853871/SRR40853871,https://trace.ncbi.nlm.nih.gov/Traces/?view=run_browser&acc=SRR40853871,
12,10,Non-Hodgkin Lymphoma,SRR40853874,46976239.0,24897004,7469101200,https://sra-pub-run-odp.s3.amazonaws.com/sra/SRR40853874/SRR40853874,https://trace.ncbi.nlm.nih.gov/Traces/?view=run_browser&acc=SRR40853874,
13,10,Non-Hodgkin Lymphoma,SRR40709660,46802555.0,2393717,718115100,https://sra-pub-run-odp.s3.amazonaws.com/sra/SRR40709660/SRR40709660,https://trace.ncbi.nlm.nih.gov/Traces/?view=run_browser&acc=SRR40709660,
14,10,Non-Hodgkin Lymphoma,SRR40709661,46802554.0,12832912,3849873600,https://sra-pub-run-odp.s3.amazonaws.com/sra/SRR40709661/SRR40709661,https://trace.ncbi.nlm.nih.gov/Traces/?view=run_browser&acc=SRR40709661,
15,10,Non-Hodgkin Lymphoma,SRR40709662,46802553.0,2355060,706518000,https://sra-pub-run-odp.s3.amazonaws.com/sra/SRR40709662/SRR40709662,https://trace.ncbi.nlm.nih.gov/Traces/?view=run_browser&acc=SRR40709662,
16,10,Non-Hodgkin Lymphoma,SRR40709663,46802552.0,9422789,2826836700,https://sra-pub-run-odp.s3.amazonaws.com/sra/SRR40709663/SRR40709663,https://trace.ncbi.nlm.nih.gov/Traces/?view=run_browser&acc=SRR40709663,
17,10,Non-Hodgkin Lymphoma,SRR40709664,46802551.0,27973361,8392008300,https://sra-pub-run-odp.s3.amazonaws.com/sra/SRR40709664/SRR40709664,https://trace.ncbi.nlm.nih.gov/Traces/?view=run_browser&acc=SRR40709664,
18,10,Non-Hodgkin Lymphoma,SRR40709665,46802550.0,33996059,10198817700,https://sra-pub-run-odp.s3.amazonaws.com/sra/SRR40709665/SRR40709665,https://trace.ncbi.nlm.nih.gov/Traces/?view=run_browser&acc=SRR40709665,
19,10,Non-Hodgkin Lymphoma,SRR40709666,46802549.0,23086549,6925964700,https://sra-pub-run-odp.s3.amazonaws.com/sra/SRR40709666/SRR40709666,https://trace.ncbi.nlm.nih.gov/Traces/?view=run_browser&acc=SRR40709666,
20,10,Non-Hodgkin Lymphoma,SRR40709667,46802548.0,9495172,2848551600,https://sra-pub-run-odp.s3.amazonaws.com/sra/SRR40709667/SRR40709667,https://trace.ncbi.nlm.nih.gov/Traces/?view=run_browser&acc=SRR40709667,
21,10,Non-Hodgkin Lymphoma,SRR40709668,46802547.0,2430219,729065700,https://sra-pub-run-odp.s3.amazonaws.com/sra/SRR40709668/SRR40709668,https://trace.ncbi.nlm.nih.gov/Traces/?view=run_browser&acc=SRR40709668,
22,10,Non-Hodgkin Lymphoma,SRR40709669,46802546.0,13130341,3939102300,https://sra-pub-run-odp.s3.amazonaws.com/sra/SRR40709669/SRR40709669,https://trace.ncbi.nlm.nih.gov/Traces/?view=run_browser&acc=SRR40709669,
23,10,Non-Hodgkin Lymphoma,SRR40709670,46802545.0,28520427,8556128100,https://sra-pub-run-odp.s3.amazonaws.com/sra/SRR40709670/SRR40709670,https://trace.ncbi.nlm.nih.gov/Traces/?view=run_browser&acc=SRR40709670,
24,10,Non-Hodgkin Lymphoma,SRR40709671,46802544.0,2773338,832001400,https://sra-pub-run-odp.s3.amazonaws.com/sra/SRR40709671/SRR40709671,https://trace.ncbi.nlm.nih.gov/Traces/?view=run_browser&acc=SRR40709671,
25,10,Non-Hodgkin Lymphoma,SRR40709672,46802543.0,4025029,1207508700,https://sra-pub-run-odp.s3.amazonaws.com/sra/SRR40709672/SRR40709672,https://trace.ncbi.nlm.nih.gov/Traces/?view=run_browser&acc=SRR40709672,
26,10,Non-Hodgkin Lymphoma,SRR40709673,46802542.0,20005025,6001507500,https://sra-pub-run-odp.s3.amazonaws.com/sra/SRR40709673/SRR40709673,https://trace.ncbi.nlm.nih.gov/Traces/?view=run_browser&acc=SRR40709673,
27,10,Non-Hodgkin Lymphoma,SRR40709674,46802541.0,6117845,1835353500,https://sra-pub-run-odp.s3.amazonaws.com/sra/SRR40709674/SRR40709674,https://trace.ncbi.nlm.nih.gov/Traces/?view=run_browser&acc=SRR40709674,
28,10,Non-Hodgkin Lymphoma,SRR40709675,46802540.0,19921734,5976520200,https://sra-pub-run-odp.s3.amazonaws.com/sra/SRR40709675/SRR40709675,https://trace.ncbi.nlm.nih.gov/Traces/?view=run_browser&acc=SRR40709675,
29,10,Non-Hodgkin Lymphoma,SRR40709676,46802539.0,2425408,727622400,https://sra-pub-run-odp.s3.amazonaws.com/sra/SRR40709676/SRR40709676,https://trace.ncbi.nlm.nih.gov/Traces/?view=run_browser&acc=SRR40709676,
30,10,Non-Hodgkin Lymphoma,SRR40709677,46802538.0,9927576,2978272800,https://sra-pub-run-odp.s3.amazonaws.com/sra/SRR40709677/SRR40709677,https://trace.ncbi.nlm.nih.gov/Traces/?view=run_browser&acc=SRR40709677,
31,10,Non-Hodgkin Lymphoma,SRR40709678,46802537.0,25036972,7511091600,https://sra-pub-run-odp.s3.amazonaws.com/sra/SRR40709678/SRR40709678,https://trace.ncbi.nlm.nih.gov/Traces/?view=run_browser&acc=SRR40709678,
32,10,Non-Hodgkin Lymphoma,SRR40643986,46738625.0,24320531,7296159300,https://sra-pub-run-odp.s3.amazonaws.com/sra/SRR40643986/SRR40643986,https://trace.ncbi.nlm.nih.gov/Traces/?view=run_browser&acc=SRR40643986,
33,10,Non-Hodgkin Lymphoma,SRR40643987,46738624.0,24105091,7231527300,https://sra-pub-run-odp.s3.amazonaws.com/sra/SRR40643987/SRR40643987,https://trace.ncbi.nlm.nih.gov/Traces/?view=run_browser&acc=SRR40643987,
34,10,Non-Hodgkin Lymphoma,SRR40643988,46738623.0,20960764,6288229200,https://sra-pub-run-odp.s3.amazonaws.com/sra/SRR40643988/SRR40643988,https://trace.ncbi.nlm.nih.gov/Traces/?view=run_browser&acc=SRR40643988,
35,10,Non-Hodgkin Lymphoma,SRR40643989,46738622.0,22391389,6717416700,https://sra-pub-run-odp.s3.amazonaws.com/sra/SRR40643989/SRR40643989,https://trace.ncbi.nlm.nih.gov/Traces/?view=run_browser&acc=SRR40643989,
36,10,Non-Hodgkin Lymphoma,SRR40643990,46738621.0,20686450,6205935000,https://sra-pub-run-odp.s3.amazonaws.com/sra/SRR40643990/SRR40643990,https://trace.ncbi.nlm.nih.gov/Traces/?view=run_browser&acc=SRR40643990,
37,10,Non-Hodgkin Lymphoma,SRR40643991,46738620.0,22818228,6845468400,https://sra-pub-run-odp.s3.amazonaws.com/sra/SRR40643991/SRR40643991,https://trace.ncbi.nlm.nih.gov/Traces/?view=run_browser&acc=SRR40643991,
38,10,Non-Hodgkin Lymphoma,ERR16913479,46611957.0,267720041,54079448282,https://sra-pub-run-odp.s3.amazonaws.com/sra/ERR16913479/ERR16913479,https://trace.ncbi.nlm.nih.gov/Traces/?view=run_browser&acc=ERR16913479,
39,10,Non-Hodgkin Lymphoma,SRR39393564,45389883.0,12715357,3904742434,https://sra-pub-run-odp.s3.amazonaws.com/sra/SRR39393564/SRR39393564,https://trace.ncbi.nlm.nih.gov/Traces/?view=run_browser&acc=SRR39393564,
40,10,Non-Hodgkin Lymphoma,SRR39393568,45389882.0,12015068,3689723677,https://sra-pub-run-odp.s3.amazonaws.com/sra/SRR39393568/SRR39393568,https://trace.ncbi.nlm.nih.gov/Traces/?view=run_browser&acc=SRR39393568,
41,10,Non-Hodgkin Lymphoma,SRR39393572,45389881.0,12496006,3837258498,https://sra-pub-run-odp.s3.amazonaws.com/sra/SRR39393572/SRR39393572,https://trace.ncbi.nlm.nih.gov/Traces/?view=run_browser&acc=SRR39393572,
42,10,Non-Hodgkin Lymphoma,SRR39393576,45389880.0,12826159,3938658203,https://sra-pub-run-odp.s3.amazonaws.com/sra/SRR39393576/SRR39393576,https://trace.ncbi.nlm.nih.gov/Traces/?view=run_browser&acc=SRR39393576,
43,10,Non-Hodgkin Lymphoma,SRR39393580,45389879.0,12919047,3967289472,https://sra-pub-run-odp.s3.amazonaws.com/sra/SRR39393580/SRR39393580,https://trace.ncbi.nlm.nih.gov/Traces/?view=run_browser&acc=SRR39393580,
44,10,Non-Hodgkin Lymphoma,SRR39393584,45389878.0,11024677,3385698912,https://sra-pub-run-odp.s3.amazonaws.com/sra/SRR39393584/SRR39393584,https://trace.ncbi.nlm.nih.gov/Traces/?view=run_browser&acc=SRR39393584,
45,10,Non-Hodgkin Lymphoma,SRR39393588,45389877.0,17125994,1543011270,https://sra-pub-run-odp.s3.amazonaws.com/sra/SRR39393588/SRR39393588,https://trace.ncbi.nlm.nih.gov/Traces/?view=run_browser&acc=SRR39393588,
46,10,Non-Hodgkin Lymphoma,SRR39393592,45389876.0,16467677,1483737014,https://sra-pub-run-odp.s3.amazonaws.com/sra/SRR39393592/SRR39393592,https://trace.ncbi.nlm.nih.gov/Traces/?view=run_browser&acc=SRR39393592,
47,10,Non-Hodgkin Lymphoma,SRR39393596,45389875.0,13771881,1240811745,https://sra-pub-run-odp.s3.amazonaws.com/sra/SRR39393596/SRR39393596,https://trace.ncbi.nlm.nih.gov/Traces/?view=run_browser&acc=SRR39393596,
48,10,Non-Hodgkin Lymphoma,SRR39393600,45389874.0,22394503,2017583736,https://sra-pub-run-odp.s3.amazonaws.com/sra/SRR39393600/SRR39393600,https://trace.ncbi.nlm.nih.gov/Traces/?view=run_browser&acc=SRR39393600,
49,10,Non-Hodgkin Lymphoma,SRR39393604,45389873.0,25413993,2289979064,https://sra-pub-run-odp.s3.amazonaws.com/sra/SRR39393604/SRR39393604,https://trace.ncbi.nlm.nih.gov/Traces/?view=run_browser&acc=SRR39393604,
50,10,Non-Hodgkin Lymphoma,SRR39393608,45389872.0,20399099,1838237668,https://sra-pub-run-odp.s3.amazonaws.com/sra/SRR39393608/SRR39393608,https://trace.ncbi.nlm.nih.gov/Traces/?view=run_browser&acc=SRR39393608,
51,10,Non-Hodgkin Lymphoma,SRR40226073,46270755.0,304952103,42083390214,https://sra-pub-run-odp.s3.amazonaws.com/sra/SRR40226073/SRR40226073,https://trace.ncbi.nlm.nih.gov/Traces/?view=run_browser&acc=SRR40226073,
52,10,Non-Hodgkin Lymphoma,SRR40226074,46270754.0,307212180,42395280840,https://sra-pub-run-odp.s3.amazonaws.com/sra/SRR40226074/SRR40226074,https://trace.ncbi.nlm.nih.gov/Traces/?view=run_browser&acc=SRR40226074,
53,10,Non-Hodgkin Lymphoma,SRR40226075,46270753.0,22254464,3071116032,https://sra-pub-run-odp.s3.amazonaws.com/sra/SRR40226075/SRR40226075,https://trace.ncbi.nlm.nih.gov/Traces/?view=run_browser&acc=SRR40226075,
54,10,Non-Hodgkin Lymphoma,SRR40226076,46270752.0,312117029,43072150002,https://sra-pub-run-odp.s3.amazonaws.com/sra/SRR40226076/SRR40226076,https://trace.ncbi.nlm.nih.gov/Traces/?view=run_browser&acc=SRR40226076,
55,10,Non-Hodgkin Lymphoma,SRR40226077,46270751.0,23193106,3200648628,https://sra-pub-run-odp.s3.amazonaws.com/sra/SRR40226077/SRR40226077,https://trace.ncbi.nlm.nih.gov/Traces/?view=run_browser&acc=SRR40226077,
56,10,Non-Hodgkin Lymphoma,SRR40226084,46270750.0,23571786,3252906468,https://sra-pub-run-odp.s3.amazonaws.com/sra/SRR40226084/SRR40226084,https://trace.ncbi.nlm.nih.gov/Traces/?view=run_browser&acc=SRR40226084,
57,10,Non-Hodgkin Lymphoma,SRR40226083,46270749.0,22401042,3091343796,https://sra-pub-run-odp.s3.amazonaws.com/sra/SRR40226083/SRR40226083,https://trace.ncbi.nlm.nih.gov/Traces/?view=run_browser&acc=SRR40226083,
58,10,Non-Hodgkin Lymphoma,SRR40226078,46270748.0,317601247,43828972086,https://sra-pub-run-odp.s3.amazonaws.com/sra/SRR40226078/SRR40226078,https://trace.ncbi.nlm.nih.gov/Traces/?view=run_browser&acc=SRR40226078,
59,10,Non-Hodgkin Lymphoma,SRR40226082,46270747.0,21921255,3025133190,https://sra-pub-run-odp.s3.amazonaws.com/sra/SRR40226082/SRR40226082,https://trace.ncbi.nlm.nih.gov/Traces/?view=run_browser&acc=SRR40226082,
60,10,Non-Hodgkin Lymphoma,SRR40226081,46270746.0,22941825,3165971850,https://sra-pub-run-odp.s3.amazonaws.com/sra/SRR40226081/SRR40226081,https://trace.ncbi.nlm.nih.gov/Traces/?view=run_browser&acc=SRR40226081,
61,10,Non-Hodgkin Lymphoma,SRR40226080,46270745.0,23099567,3187740246,https://sra-pub-run-odp.s3.amazonaws.com/sra/SRR40226080/SRR40226080,https://trace.ncbi.nlm.nih.gov/Traces/?view=run_browser&acc=SRR40226080,
62,10,Non-Hodgkin Lymphoma,SRR40226079,46270744.0,22055837,3043705506,https://sra-pub-run-odp.s3.amazonaws.com/sra/SRR40226079/SRR40226079,https://trace.ncbi.nlm.nih.gov/Traces/?view=run_browser&acc=SRR40226079,
63,10,Non-Hodgkin Lymphoma,SRR40226085,46270743.0,306789760,42336986880,https://sra-pub-run-odp.s3.amazonaws.com/sra/SRR40226085/SRR40226085,https://trace.ncbi.nlm.nih.gov/Traces/?view=run_browser&acc=SRR40226085,
64,10,Non-Hodgkin Lymphoma,SRR40226086,46270742.0,315776673,43577180874,https://sra-pub-run-odp.s3.amazonaws.com/sra/SRR40226086/SRR40226086,https://trace.ncbi.nlm.nih.gov/Traces/?view=run_browser&acc=SRR40226086,
65,10,Non-Hodgkin Lymphoma,SRR40226087,46270741.0,312948012,43186825656,https://sra-pub-run-odp.s3.amazonaws.com/sra/SRR40226087/SRR40226087,https://trace.ncbi.nlm.nih.gov/Traces/?view=run_browser&acc=SRR40226087,
66,10,Non-Hodgkin Lymphoma,SRR40226088,46270740.0,312580358,43136089404,https://sra-pub-run-odp.s3.amazonaws.com/sra/SRR40226088/SRR40226088,https://trace.ncbi.nlm.nih.gov/Traces/?view=run_browser&acc=SRR40226088,
67,10,Non-Hodgkin Lymphoma,ERR17440682,46258317.0,71988748,7283521796,https://sra-pub-run-odp.s3.amazonaws.com/sra/ERR17440682/ERR17440682,https://trace.ncbi.nlm.nih.gov/Traces/?view=run_browser&acc=ERR17440682,
68,10,Non-Hodgkin Lymphoma,ERR17440684,46258304.0,77651483,7857182233,https://sra-pub-run-odp.s3.amazonaws.com/sra/ERR17440684/ERR17440684,https://trace.ncbi.nlm.nih.gov/Traces/?view=run_browser&acc=ERR17440684,
69,10,Non-Hodgkin Lymphoma,ERR17440679,46258256.0,70017513,7084196352,https://sra-pub-run-odp.s3.amazonaws.com/sra/ERR17440679/ERR17440679,https://trace.ncbi.nlm.nih.gov/Traces/?view=run_browser&acc=ERR17440679,
70,10,Non-Hodgkin Lymphoma,ERR17440680,46258238.0,61067171,6177632808,https://sra-pub-run-odp.s3.amazonaws.com/sra/ERR17440680/ERR17440680,https://trace.ncbi.nlm.nih.gov/Traces/?view=run_browser&acc=ERR17440680,
71,10,Non-Hodgkin Lymphoma,ERR17440678,46258236.0,66803819,6758150426,https://sra-pub-run-odp.s3.amazonaws.com/sra/ERR17440678/ERR17440678,https://trace.ncbi.nlm.nih.gov/Traces/?view=run_browser&acc=ERR17440678,
72,10,Non-Hodgkin Lymphoma,ERR17440687,46258206.0,45624998,4615183991,https://sra-pub-run-odp.s3.amazonaws.com/sra/ERR17440687/ERR17440687,https://trace.ncbi.nlm.nih.gov/Traces/?view=run_browser&acc=ERR17440687,
73,10,Non-Hodgkin Lymphoma,ERR17440685,46258158.0,60225425,6093227697,https://sra-pub-run-odp.s3.amazonaws.com/sra/ERR17440685/ERR17440685,https://trace.ncbi.nlm.nih.gov/Traces/?view=run_browser&acc=ERR17440685,
74,10,Non-Hodgkin Lymphoma,ERR17440677,46258033.0,72717296,7355421114,https://sra-pub-run-odp.s3.amazonaws.com/sra/ERR17440677/ERR17440677,https://trace.ncbi.nlm.nih.gov/Traces/?view=run_browser&acc=ERR17440677,
75,10,Non-Hodgkin Lymphoma,ERR17440676,46257998.0,54232972,5487511944,https://sra-pub-run-odp.s3.amazonaws.com/sra/ERR17440676/ERR17440676,https://trace.ncbi.nlm.nih.gov/Traces/?view=run_browser&acc=ERR17440676,
76,10,Non-Hodgkin Lymphoma,ERR17440686,46257981.0,81712426,8268489308,https://sra-pub-run-odp.s3.amazonaws.com/sra/ERR17440686/ERR17440686,https://trace.ncbi.nlm.nih.gov/Traces/?view=run_browser&acc=ERR17440686,
77,10,Non-Hodgkin Lymphoma,ERR17440681,46257980.0,60338644,6105409521,https://sra-pub-run-odp.s3.amazonaws.com/sra/ERR17440681/ERR17440681,https://trace.ncbi.nlm.nih.gov/Traces/?view=run_browser&acc=ERR17440681,
78,10,Non-Hodgkin Lymphoma,ERR17440683,46257870.0,74606176,7550741936,https://sra-pub-run-odp.s3.amazonaws.com/sra/ERR17440683/ERR17440683,https://trace.ncbi.nlm.nih.gov/Traces/?view=run_browser&acc=ERR17440683,
79,10,Non-Hodgkin Lymphoma,SRR40184218,46224852.0,203867,16614331,https://sra-pub-run-odp.s3.amazonaws.com/sra/SRR40184218/SRR40184218,https://trace.ncbi.nlm.nih.gov/Traces/?view=run_browser&acc=SRR40184218,
80,10,Non-Hodgkin Lymphoma,SRR40184219,46224851.0,2173767,108576033,https://sra-pub-run-odp.s3.amazonaws.com/sra/SRR40184219/SRR40184219,https://trace.ncbi.nlm.nih.gov/Traces/?view=run_browser&acc=SRR40184219,
81,10,Non-Hodgkin Lymphoma,SRR40184220,46224850.0,1847780,92242007,https://sra-pub-run-odp.s3.amazonaws.com/sra/SRR40184220/SRR40184220,https://trace.ncbi.nlm.nih.gov/Traces/?view=run_browser&acc=SRR40184220,
82,10,Non-Hodgkin Lymphoma,SRR40184221,46224849.0,1393556,69521026,https://sra-pub-run-odp.s3.amazonaws.com/sra/SRR40184221/SRR40184221,https://trace.ncbi.nlm.nih.gov/Traces/?view=run_browser&acc=SRR40184221,
83,10,Non-Hodgkin Lymphoma,SRR40184222,46224848.0,1736831,86665922,https://sra-pub-run-odp.s3.amazonaws.com/sra/SRR40184222/SRR40184222,https://trace.ncbi.nlm.nih.gov/Traces/?view=run_browser&acc=SRR40184222,
84,10,Non-Hodgkin Lymphoma,SRR40184223,46224847.0,205700,10222972,https://sra-pub-run-odp.s3.amazonaws.com/sra/SRR40184223/SRR40184223,https://trace.ncbi.nlm.nih.gov/Traces/?view=run_browser&acc=SRR40184223,
85,10,Non-Hodgkin Lymphoma,SRR40184224,46224846.0,21530,1074929,https://sra-pub-run-odp.s3.amazonaws.com/sra/SRR40184224/SRR40184224,https://trace.ncbi.nlm.nih.gov/Traces/?view=run_browser&acc=SRR40184224,
86,10,Non-Hodgkin Lymphoma,SRR40184225,46224845.0,964227,48189507,https://sra-pub-run-odp.s3.amazonaws.com/sra/SRR40184225/SRR40184225,https://trace.ncbi.nlm.nih.gov/Traces/?view=run_browser&acc=SRR40184225,
87,10,Non-Hodgkin Lymphoma,SRR40184226,46224844.0,939116,46934730,https://sra-pub-run-odp.s3.amazonaws.com/sra/SRR40184226/SRR40184226,https://trace.ncbi.nlm.nih.gov/Traces/?view=run_browser&acc=SRR40184226,
88,10,Non-Hodgkin Lymphoma,SRR40184227,46224843.0,1204579,60155612,https://sra-pub-run-odp.s3.amazonaws.com/sra/SRR40184227/SRR40184227,https://trace.ncbi.nlm.nih.gov/Traces/?view=run_browser&acc=SRR40184227,
89,10,Non-Hodgkin Lymphoma,SRR40184228,46224842.0,1473487,73623030,https://sra-pub-run-odp.s3.amazonaws.com/sra/SRR40184228/SRR40184228,https://trace.ncbi.nlm.nih.gov/Traces/?view=run_browser&acc=SRR40184228,
90,10,Non-Hodgkin Lymphoma,SRR40184229,46224841.0,862750,43100490,https://sra-pub-run-odp.s3.amazonaws.com/sra/SRR40184229/SRR40184229,https://trace.ncbi.nlm.nih.gov/Traces/?view=run_browser&acc=SRR40184229,
91,10,Non-Hodgkin Lymphoma,SRR40184230,46224840.0,1641,160400,https://sra-pub-run-odp.s3.amazonaws.com/sra/SRR40184230/SRR40184230,https://trace.ncbi.nlm.nih.gov/Traces/?view=run_browser&acc=SRR40184230,
92,10,Non-Hodgkin Lymphoma,SRR40184231,46224839.0,3033290,151326911,https://sra-pub-run-odp.s3.amazonaws.com/sra/SRR40184231/SRR40184231,https://trace.ncbi.nlm.nih.gov/Traces/?view=run_browser&acc=SRR40184231,
93,10,Non-Hodgkin Lymphoma,SRR40184232,46224838.0,211,20295,https://sra-pub-run-odp.s3.amazonaws.com/sra/SRR40184232/SRR40184232,https://trace.ncbi.nlm.nih.gov/Traces/?view=run_browser&acc=SRR40184232,
94,10,Non-Hodgkin Lymphoma,SRR40184233,46224837.0,885,44186,https://sra-pub-run-odp.s3.amazonaws.com/sra/SRR40184233/SRR40184233,https://trace.ncbi.nlm.nih.gov/Traces/?view=run_browser&acc=SRR40184233,
95,10,Non-Hodgkin Lymphoma,SRR40184234,46224836.0,25,1800,https://sra-pub-run-odp.s3.amazonaws.com/sra/SRR40184234/SRR40184234,https://trace.ncbi.nlm.nih.gov/Traces/?view=run_browser&acc=SRR40184234,
96,10,Non-Hodgkin Lymphoma,SRR40184235,46224835.0,91,6981,https://sra-pub-run-odp.s3.amazonaws.com/sra/SRR40184235/SRR40184235,https://trace.ncbi.nlm.nih.gov/Traces/?view=run_browser&acc=SRR40184235,
97,10,Non-Hodgkin Lymphoma,SRR40184236,46224834.0,37018,2825485,https://sra-pub-run-odp.s3.amazonaws.com/sra/SRR40184236/SRR40184236,https://trace.ncbi.nlm.nih.gov/Traces/?view=run_browser&acc=SRR40184236,
98,10,Non-Hodgkin Lymphoma,SRR40184237,46224833.0,133191,9671425,https://sra-pub-run-odp.s3.amazonaws.com/sra/SRR40184237/SRR40184237,https://trace.ncbi.nlm.nih.gov/Traces/?view=run_browser&acc=SRR40184237,
99,10,Non-Hodgkin Lymphoma,SRR40184238,46224832.0,778837,38888731,https://sra-pub-run-odp.s3.amazonaws.com/sra/SRR40184238/SRR40184238,https://trace.ncbi.nlm.nih.gov/Traces/?view=run_browser&acc=SRR40184238,
100,10,Non-Hodgkin Lymphoma,SRR40184239,46224831.0,138036,12063693,https://sra-pub-run-odp.s3.amazonaws.com/sra/SRR40184239/SRR40184239,https://trace.ncbi.nlm.nih.gov/Traces/?view=run_browser&acc=SRR40184239,
